"CODIGO","NOMBRE","AÃ‘O","MES","TOTAL_HOMICIDIOS","POBLACION","HOGARES","HABS_POR_HOGAR","POLICIAS","ESTRATO"
1,"POPULAR",2018,1,2,136986,43822,3.12596412760714,1,2
1,"POPULAR",2018,2,0,136986,43822,3.12596412760714,1,2
1,"POPULAR",2018,3,1,136986,43822,3.12596412760714,1,2
1,"POPULAR",2018,4,1,136986,43822,3.12596412760714,1,2
1,"POPULAR",2018,5,2,136986,43822,3.12596412760714,1,2
1,"POPULAR",2018,6,1,136986,43822,3.12596412760714,1,2
1,"POPULAR",2018,7,2,136986,43822,3.12596412760714,1,2
1,"POPULAR",2018,8,0,136986,43822,3.12596412760714,1,2
1,"POPULAR",2018,9,2,136986,43822,3.12596412760714,1,2
1,"POPULAR",2018,10,0,136986,43822,3.12596412760714,1,2
1,"POPULAR",2018,11,1,136986,43822,3.12596412760714,1,2
1,"POPULAR",2018,12,0,136986,43822,3.12596412760714,1,2
1,"POPULAR",2019,1,1,140218,45675,3.06990695128626,1,2
1,"POPULAR",2019,2,1,140218,45675,3.06990695128626,1,2
1,"POPULAR",2019,3,1,140218,45675,3.06990695128626,1,2
1,"POPULAR",2019,4,2,140218,45675,3.06990695128626,1,2
1,"POPULAR",2019,5,3,140218,45675,3.06990695128626,1,2
1,"POPULAR",2019,6,4,140218,45675,3.06990695128626,1,2
1,"POPULAR",2019,7,1,140218,45675,3.06990695128626,1,2
1,"POPULAR",2019,8,1,140218,45675,3.06990695128626,1,2
1,"POPULAR",2019,9,3,140218,45675,3.06990695128626,1,2
1,"POPULAR",2019,10,0,140218,45675,3.06990695128626,1,2
1,"POPULAR",2019,11,1,140218,45675,3.06990695128626,1,2
1,"POPULAR",2019,12,2,140218,45675,3.06990695128626,1,2
1,"POPULAR",2020,1,0,143039,47464,3.01363138378561,1,2
1,"POPULAR",2020,2,2,143039,47464,3.01363138378561,1,2
1,"POPULAR",2020,3,0,143039,47464,3.01363138378561,1,2
1,"POPULAR",2020,4,0,143039,47464,3.01363138378561,1,2
1,"POPULAR",2020,5,0,143039,47464,3.01363138378561,1,2
1,"POPULAR",2020,6,2,143039,47464,3.01363138378561,1,2
1,"POPULAR",2020,7,0,143039,47464,3.01363138378561,1,2
1,"POPULAR",2020,8,1,143039,47464,3.01363138378561,1,2
1,"POPULAR",2020,9,1,143039,47464,3.01363138378561,1,2
1,"POPULAR",2020,10,0,143039,47464,3.01363138378561,1,2
1,"POPULAR",2020,11,3,143039,47464,3.01363138378561,1,2
1,"POPULAR",2020,12,2,143039,47464,3.01363138378561,1,2
1,"POPULAR",2021,1,1,145235,49136,2.95577580592641,1,2
1,"POPULAR",2021,2,1,145235,49136,2.95577580592641,1,2
1,"POPULAR",2021,3,1,145235,49136,2.95577580592641,1,2
1,"POPULAR",2021,4,0,145235,49136,2.95577580592641,1,2
1,"POPULAR",2021,5,1,145235,49136,2.95577580592641,1,2
1,"POPULAR",2021,6,0,145235,49136,2.95577580592641,1,2
1,"POPULAR",2021,7,0,145235,49136,2.95577580592641,1,2
1,"POPULAR",2021,8,1,145235,49136,2.95577580592641,1,2
1,"POPULAR",2021,9,0,145235,49136,2.95577580592641,1,2
1,"POPULAR",2021,10,2,145235,49136,2.95577580592641,1,2
1,"POPULAR",2021,11,0,145235,49136,2.95577580592641,1,2
1,"POPULAR",2021,12,3,145235,49136,2.95577580592641,1,2
1,"POPULAR",2022,1,0,147382,50832,2.89939408246774,1,2
1,"POPULAR",2022,2,0,147382,50832,2.89939408246774,1,2
1,"POPULAR",2022,3,2,147382,50832,2.89939408246774,1,2
1,"POPULAR",2022,4,2,147382,50832,2.89939408246774,1,2
1,"POPULAR",2022,5,1,147382,50832,2.89939408246774,1,2
1,"POPULAR",2022,6,0,147382,50832,2.89939408246774,1,2
1,"POPULAR",2022,7,3,147382,50832,2.89939408246774,1,2
1,"POPULAR",2022,8,1,147382,50832,2.89939408246774,1,2
1,"POPULAR",2022,9,1,147382,50832,2.89939408246774,1,2
1,"POPULAR",2022,10,1,147382,50832,2.89939408246774,1,2
1,"POPULAR",2022,11,1,147382,50832,2.89939408246774,1,2
1,"POPULAR",2022,12,0,147382,50832,2.89939408246774,1,2
1,"POPULAR",2023,1,0,149586,52566,2.84567971692729,1,2
1,"POPULAR",2023,2,2,149586,52566,2.84567971692729,1,2
1,"POPULAR",2023,3,1,149586,52566,2.84567971692729,1,2
1,"POPULAR",2023,4,2,149586,52566,2.84567971692729,1,2
1,"POPULAR",2023,5,1,149586,52566,2.84567971692729,1,2
1,"POPULAR",2023,6,1,149586,52566,2.84567971692729,1,2
1,"POPULAR",2023,7,2,149586,52566,2.84567971692729,1,2
1,"POPULAR",2023,8,2,149586,52566,2.84567971692729,1,2
1,"POPULAR",2023,9,1,149586,52566,2.84567971692729,1,2
1,"POPULAR",2023,10,0,149586,52566,2.84567971692729,1,2
1,"POPULAR",2023,11,0,149586,52566,2.84567971692729,1,2
1,"POPULAR",2023,12,0,149586,52566,2.84567971692729,1,2
2,"SANTA CRUZ",2018,1,0,113064,34895,3.24012036108325,2,2
2,"SANTA CRUZ",2018,2,0,113064,34895,3.24012036108325,2,2
2,"SANTA CRUZ",2018,3,1,113064,34895,3.24012036108325,2,2
2,"SANTA CRUZ",2018,4,2,113064,34895,3.24012036108325,2,2
2,"SANTA CRUZ",2018,5,1,113064,34895,3.24012036108325,2,2
2,"SANTA CRUZ",2018,6,1,113064,34895,3.24012036108325,2,2
2,"SANTA CRUZ",2018,7,0,113064,34895,3.24012036108325,2,2
2,"SANTA CRUZ",2018,8,1,113064,34895,3.24012036108325,2,2
2,"SANTA CRUZ",2018,9,1,113064,34895,3.24012036108325,2,2
2,"SANTA CRUZ",2018,10,1,113064,34895,3.24012036108325,2,2
2,"SANTA CRUZ",2018,11,2,113064,34895,3.24012036108325,2,2
2,"SANTA CRUZ",2018,12,1,113064,34895,3.24012036108325,2,2
2,"SANTA CRUZ",2019,1,2,115588,36263,3.18749138240079,2,2
2,"SANTA CRUZ",2019,2,1,115588,36263,3.18749138240079,2,2
2,"SANTA CRUZ",2019,3,0,115588,36263,3.18749138240079,2,2
2,"SANTA CRUZ",2019,4,0,115588,36263,3.18749138240079,2,2
2,"SANTA CRUZ",2019,5,1,115588,36263,3.18749138240079,2,2
2,"SANTA CRUZ",2019,6,1,115588,36263,3.18749138240079,2,2
2,"SANTA CRUZ",2019,7,1,115588,36263,3.18749138240079,2,2
2,"SANTA CRUZ",2019,8,1,115588,36263,3.18749138240079,2,2
2,"SANTA CRUZ",2019,9,1,115588,36263,3.18749138240079,2,2
2,"SANTA CRUZ",2019,10,2,115588,36263,3.18749138240079,2,2
2,"SANTA CRUZ",2019,11,1,115588,36263,3.18749138240079,2,2
2,"SANTA CRUZ",2019,12,1,115588,36263,3.18749138240079,2,2
2,"SANTA CRUZ",2020,1,1,117744,37582,3.13298919695599,2,2
2,"SANTA CRUZ",2020,2,2,117744,37582,3.13298919695599,2,2
2,"SANTA CRUZ",2020,3,0,117744,37582,3.13298919695599,2,2
2,"SANTA CRUZ",2020,4,2,117744,37582,3.13298919695599,2,2
2,"SANTA CRUZ",2020,5,3,117744,37582,3.13298919695599,2,2
2,"SANTA CRUZ",2020,6,2,117744,37582,3.13298919695599,2,2
2,"SANTA CRUZ",2020,7,0,117744,37582,3.13298919695599,2,2
2,"SANTA CRUZ",2020,8,1,117744,37582,3.13298919695599,2,2
2,"SANTA CRUZ",2020,9,1,117744,37582,3.13298919695599,2,2
2,"SANTA CRUZ",2020,10,1,117744,37582,3.13298919695599,2,2
2,"SANTA CRUZ",2020,11,0,117744,37582,3.13298919695599,2,2
2,"SANTA CRUZ",2020,12,0,117744,37582,3.13298919695599,2,2
2,"SANTA CRUZ",2021,1,1,119374,38813,3.07561899363615,2,2
2,"SANTA CRUZ",2021,2,1,119374,38813,3.07561899363615,2,2
2,"SANTA CRUZ",2021,3,1,119374,38813,3.07561899363615,2,2
2,"SANTA CRUZ",2021,4,3,119374,38813,3.07561899363615,2,2
2,"SANTA CRUZ",2021,5,4,119374,38813,3.07561899363615,2,2
2,"SANTA CRUZ",2021,6,1,119374,38813,3.07561899363615,2,2
2,"SANTA CRUZ",2021,7,0,119374,38813,3.07561899363615,2,2
2,"SANTA CRUZ",2021,8,0,119374,38813,3.07561899363615,2,2
2,"SANTA CRUZ",2021,9,0,119374,38813,3.07561899363615,2,2
2,"SANTA CRUZ",2021,10,0,119374,38813,3.07561899363615,2,2
2,"SANTA CRUZ",2021,11,0,119374,38813,3.07561899363615,2,2
2,"SANTA CRUZ",2021,12,3,119374,38813,3.07561899363615,2,2
2,"SANTA CRUZ",2022,1,0,120959,40070,3.01869228849513,2,2
2,"SANTA CRUZ",2022,2,2,120959,40070,3.01869228849513,2,2
2,"SANTA CRUZ",2022,3,1,120959,40070,3.01869228849513,2,2
2,"SANTA CRUZ",2022,4,0,120959,40070,3.01869228849513,2,2
2,"SANTA CRUZ",2022,5,0,120959,40070,3.01869228849513,2,2
2,"SANTA CRUZ",2022,6,1,120959,40070,3.01869228849513,2,2
2,"SANTA CRUZ",2022,7,0,120959,40070,3.01869228849513,2,2
2,"SANTA CRUZ",2022,8,3,120959,40070,3.01869228849513,2,2
2,"SANTA CRUZ",2022,9,2,120959,40070,3.01869228849513,2,2
2,"SANTA CRUZ",2022,10,2,120959,40070,3.01869228849513,2,2
2,"SANTA CRUZ",2022,11,2,120959,40070,3.01869228849513,2,2
2,"SANTA CRUZ",2022,12,1,120959,40070,3.01869228849513,2,2
2,"SANTA CRUZ",2023,1,1,122573,41359,2.96363548441693,2,2
2,"SANTA CRUZ",2023,2,2,122573,41359,2.96363548441693,2,2
2,"SANTA CRUZ",2023,3,2,122573,41359,2.96363548441693,2,2
2,"SANTA CRUZ",2023,4,1,122573,41359,2.96363548441693,2,2
2,"SANTA CRUZ",2023,5,1,122573,41359,2.96363548441693,2,2
2,"SANTA CRUZ",2023,6,2,122573,41359,2.96363548441693,2,2
2,"SANTA CRUZ",2023,7,0,122573,41359,2.96363548441693,2,2
2,"SANTA CRUZ",2023,8,0,122573,41359,2.96363548441693,2,2
2,"SANTA CRUZ",2023,9,2,122573,41359,2.96363548441693,2,2
2,"SANTA CRUZ",2023,10,1,122573,41359,2.96363548441693,2,2
2,"SANTA CRUZ",2023,11,0,122573,41359,2.96363548441693,2,2
2,"SANTA CRUZ",2023,12,0,122573,41359,2.96363548441693,2,2
3,"MANRIQUE",2018,1,2,164858,53352,3.09000599790073,0,1
3,"MANRIQUE",2018,2,0,164858,53352,3.09000599790073,0,1
3,"MANRIQUE",2018,3,1,164858,53352,3.09000599790073,0,1
3,"MANRIQUE",2018,4,0,164858,53352,3.09000599790073,0,1
3,"MANRIQUE",2018,5,3,164858,53352,3.09000599790073,0,1
3,"MANRIQUE",2018,6,0,164858,53352,3.09000599790073,0,1
3,"MANRIQUE",2018,7,2,164858,53352,3.09000599790073,0,1
3,"MANRIQUE",2018,8,2,164858,53352,3.09000599790073,0,1
3,"MANRIQUE",2018,9,2,164858,53352,3.09000599790073,0,1
3,"MANRIQUE",2018,10,1,164858,53352,3.09000599790073,0,1
3,"MANRIQUE",2018,11,2,164858,53352,3.09000599790073,0,1
3,"MANRIQUE",2018,12,2,164858,53352,3.09000599790073,0,1
3,"MANRIQUE",2019,1,0,168724,55725,3.02779721848363,0,1
3,"MANRIQUE",2019,2,1,168724,55725,3.02779721848363,0,1
3,"MANRIQUE",2019,3,0,168724,55725,3.02779721848363,0,1
3,"MANRIQUE",2019,4,1,168724,55725,3.02779721848363,0,1
3,"MANRIQUE",2019,5,0,168724,55725,3.02779721848363,0,1
3,"MANRIQUE",2019,6,3,168724,55725,3.02779721848363,0,1
3,"MANRIQUE",2019,7,2,168724,55725,3.02779721848363,0,1
3,"MANRIQUE",2019,8,2,168724,55725,3.02779721848363,0,1
3,"MANRIQUE",2019,9,5,168724,55725,3.02779721848363,0,1
3,"MANRIQUE",2019,10,2,168724,55725,3.02779721848363,0,1
3,"MANRIQUE",2019,11,0,168724,55725,3.02779721848363,0,1
3,"MANRIQUE",2019,12,2,168724,55725,3.02779721848363,0,1
3,"MANRIQUE",2020,1,0,172090,57990,2.96758061734782,0,1
3,"MANRIQUE",2020,2,1,172090,57990,2.96758061734782,0,1
3,"MANRIQUE",2020,3,1,172090,57990,2.96758061734782,0,1
3,"MANRIQUE",2020,4,0,172090,57990,2.96758061734782,0,1
3,"MANRIQUE",2020,5,3,172090,57990,2.96758061734782,0,1
3,"MANRIQUE",2020,6,0,172090,57990,2.96758061734782,0,1
3,"MANRIQUE",2020,7,0,172090,57990,2.96758061734782,0,1
3,"MANRIQUE",2020,8,2,172090,57990,2.96758061734782,0,1
3,"MANRIQUE",2020,9,0,172090,57990,2.96758061734782,0,1
3,"MANRIQUE",2020,10,4,172090,57990,2.96758061734782,0,1
3,"MANRIQUE",2020,11,1,172090,57990,2.96758061734782,0,1
3,"MANRIQUE",2020,12,1,172090,57990,2.96758061734782,0,1
3,"MANRIQUE",2021,1,4,174692,60081,2.90760806244903,0,1
3,"MANRIQUE",2021,2,2,174692,60081,2.90760806244903,0,1
3,"MANRIQUE",2021,3,1,174692,60081,2.90760806244903,0,1
3,"MANRIQUE",2021,4,5,174692,60081,2.90760806244903,0,1
3,"MANRIQUE",2021,5,1,174692,60081,2.90760806244903,0,1
3,"MANRIQUE",2021,6,0,174692,60081,2.90760806244903,0,1
3,"MANRIQUE",2021,7,0,174692,60081,2.90760806244903,0,1
3,"MANRIQUE",2021,8,3,174692,60081,2.90760806244903,0,1
3,"MANRIQUE",2021,9,2,174692,60081,2.90760806244903,0,1
3,"MANRIQUE",2021,10,0,174692,60081,2.90760806244903,0,1
3,"MANRIQUE",2021,11,1,174692,60081,2.90760806244903,0,1
3,"MANRIQUE",2021,12,1,174692,60081,2.90760806244903,0,1
3,"MANRIQUE",2022,1,1,177232,62172,2.85067232837933,0,1
3,"MANRIQUE",2022,2,0,177232,62172,2.85067232837933,0,1
3,"MANRIQUE",2022,3,1,177232,62172,2.85067232837933,0,1
3,"MANRIQUE",2022,4,1,177232,62172,2.85067232837933,0,1
3,"MANRIQUE",2022,5,1,177232,62172,2.85067232837933,0,1
3,"MANRIQUE",2022,6,0,177232,62172,2.85067232837933,0,1
3,"MANRIQUE",2022,7,1,177232,62172,2.85067232837933,0,1
3,"MANRIQUE",2022,8,2,177232,62172,2.85067232837933,0,1
3,"MANRIQUE",2022,9,1,177232,62172,2.85067232837933,0,1
3,"MANRIQUE",2022,10,2,177232,62172,2.85067232837933,0,1
3,"MANRIQUE",2022,11,2,177232,62172,2.85067232837933,0,1
3,"MANRIQUE",2022,12,0,177232,62172,2.85067232837933,0,1
3,"MANRIQUE",2023,1,2,179793,64275,2.79724620770128,0,1
3,"MANRIQUE",2023,2,1,179793,64275,2.79724620770128,0,1
3,"MANRIQUE",2023,3,1,179793,64275,2.79724620770128,0,1
3,"MANRIQUE",2023,4,2,179793,64275,2.79724620770128,0,1
3,"MANRIQUE",2023,5,1,179793,64275,2.79724620770128,0,1
3,"MANRIQUE",2023,6,3,179793,64275,2.79724620770128,0,1
3,"MANRIQUE",2023,7,6,179793,64275,2.79724620770128,0,1
3,"MANRIQUE",2023,8,1,179793,64275,2.79724620770128,0,1
3,"MANRIQUE",2023,9,2,179793,64275,2.79724620770128,0,1
3,"MANRIQUE",2023,10,0,179793,64275,2.79724620770128,0,1
3,"MANRIQUE",2023,11,1,179793,64275,2.79724620770128,0,1
3,"MANRIQUE",2023,12,0,179793,64275,2.79724620770128,0,1
4,"ARANJUEZ",2018,1,5,141312,47404,2.98101426039997,0,3
4,"ARANJUEZ",2018,2,2,141312,47404,2.98101426039997,0,3
4,"ARANJUEZ",2018,3,3,141312,47404,2.98101426039997,0,3
4,"ARANJUEZ",2018,4,1,141312,47404,2.98101426039997,0,3
4,"ARANJUEZ",2018,5,4,141312,47404,2.98101426039997,0,3
4,"ARANJUEZ",2018,6,8,141312,47404,2.98101426039997,0,3
4,"ARANJUEZ",2018,7,0,141312,47404,2.98101426039997,0,3
4,"ARANJUEZ",2018,8,5,141312,47404,2.98101426039997,0,3
4,"ARANJUEZ",2018,9,1,141312,47404,2.98101426039997,0,3
4,"ARANJUEZ",2018,10,6,141312,47404,2.98101426039997,0,3
4,"ARANJUEZ",2018,11,2,141312,47404,2.98101426039997,0,3
4,"ARANJUEZ",2018,12,2,141312,47404,2.98101426039997,0,3
4,"ARANJUEZ",2019,1,2,142990,48936,2.92197972862514,0,3
4,"ARANJUEZ",2019,2,3,142990,48936,2.92197972862514,0,3
4,"ARANJUEZ",2019,3,6,142990,48936,2.92197972862514,0,3
4,"ARANJUEZ",2019,4,3,142990,48936,2.92197972862514,0,3
4,"ARANJUEZ",2019,5,3,142990,48936,2.92197972862514,0,3
4,"ARANJUEZ",2019,6,1,142990,48936,2.92197972862514,0,3
4,"ARANJUEZ",2019,7,3,142990,48936,2.92197972862514,0,3
4,"ARANJUEZ",2019,8,2,142990,48936,2.92197972862514,0,3
4,"ARANJUEZ",2019,9,1,142990,48936,2.92197972862514,0,3
4,"ARANJUEZ",2019,10,5,142990,48936,2.92197972862514,0,3
4,"ARANJUEZ",2019,11,1,142990,48936,2.92197972862514,0,3
4,"ARANJUEZ",2019,12,4,142990,48936,2.92197972862514,0,3
4,"ARANJUEZ",2020,1,1,144233,50351,2.86455085301186,0,3
4,"ARANJUEZ",2020,2,1,144233,50351,2.86455085301186,0,3
4,"ARANJUEZ",2020,3,3,144233,50351,2.86455085301186,0,3
4,"ARANJUEZ",2020,4,1,144233,50351,2.86455085301186,0,3
4,"ARANJUEZ",2020,5,4,144233,50351,2.86455085301186,0,3
4,"ARANJUEZ",2020,6,1,144233,50351,2.86455085301186,0,3
4,"ARANJUEZ",2020,7,3,144233,50351,2.86455085301186,0,3
4,"ARANJUEZ",2020,8,3,144233,50351,2.86455085301186,0,3
4,"ARANJUEZ",2020,9,5,144233,50351,2.86455085301186,0,3
4,"ARANJUEZ",2020,10,4,144233,50351,2.86455085301186,0,3
4,"ARANJUEZ",2020,11,0,144233,50351,2.86455085301186,0,3
4,"ARANJUEZ",2020,12,1,144233,50351,2.86455085301186,0,3
4,"ARANJUEZ",2021,1,5,144815,51588,2.80714507249748,0,3
4,"ARANJUEZ",2021,2,2,144815,51588,2.80714507249748,0,3
4,"ARANJUEZ",2021,3,2,144815,51588,2.80714507249748,0,3
4,"ARANJUEZ",2021,4,6,144815,51588,2.80714507249748,0,3
4,"ARANJUEZ",2021,5,1,144815,51588,2.80714507249748,0,3
4,"ARANJUEZ",2021,6,5,144815,51588,2.80714507249748,0,3
4,"ARANJUEZ",2021,7,2,144815,51588,2.80714507249748,0,3
4,"ARANJUEZ",2021,8,5,144815,51588,2.80714507249748,0,3
4,"ARANJUEZ",2021,9,3,144815,51588,2.80714507249748,0,3
4,"ARANJUEZ",2021,10,1,144815,51588,2.80714507249748,0,3
4,"ARANJUEZ",2021,11,3,144815,51588,2.80714507249748,0,3
4,"ARANJUEZ",2021,12,2,144815,51588,2.80714507249748,0,3
4,"ARANJUEZ",2022,1,2,145325,52802,2.75226317184955,0,3
4,"ARANJUEZ",2022,2,2,145325,52802,2.75226317184955,0,3
4,"ARANJUEZ",2022,3,1,145325,52802,2.75226317184955,0,3
4,"ARANJUEZ",2022,4,3,145325,52802,2.75226317184955,0,3
4,"ARANJUEZ",2022,5,4,145325,52802,2.75226317184955,0,3
4,"ARANJUEZ",2022,6,7,145325,52802,2.75226317184955,0,3
4,"ARANJUEZ",2022,7,4,145325,52802,2.75226317184955,0,3
4,"ARANJUEZ",2022,8,2,145325,52802,2.75226317184955,0,3
4,"ARANJUEZ",2022,9,1,145325,52802,2.75226317184955,0,3
4,"ARANJUEZ",2022,10,3,145325,52802,2.75226317184955,0,3
4,"ARANJUEZ",2022,11,1,145325,52802,2.75226317184955,0,3
4,"ARANJUEZ",2022,12,2,145325,52802,2.75226317184955,0,3
4,"ARANJUEZ",2023,1,2,145837,53998,2.70078521426719,0,3
4,"ARANJUEZ",2023,2,5,145837,53998,2.70078521426719,0,3
4,"ARANJUEZ",2023,3,4,145837,53998,2.70078521426719,0,3
4,"ARANJUEZ",2023,4,2,145837,53998,2.70078521426719,0,3
4,"ARANJUEZ",2023,5,2,145837,53998,2.70078521426719,0,3
4,"ARANJUEZ",2023,6,3,145837,53998,2.70078521426719,0,3
4,"ARANJUEZ",2023,7,2,145837,53998,2.70078521426719,0,3
4,"ARANJUEZ",2023,8,1,145837,53998,2.70078521426719,0,3
4,"ARANJUEZ",2023,9,1,145837,53998,2.70078521426719,0,3
4,"ARANJUEZ",2023,10,2,145837,53998,2.70078521426719,0,3
4,"ARANJUEZ",2023,11,3,145837,53998,2.70078521426719,0,3
4,"ARANJUEZ",2023,12,0,145837,53998,2.70078521426719,0,3
5,"CASTILLA",2018,1,4,123992,39239,3.15991742908841,3,3
5,"CASTILLA",2018,2,1,123992,39239,3.15991742908841,3,3
5,"CASTILLA",2018,3,3,123992,39239,3.15991742908841,3,3
5,"CASTILLA",2018,4,1,123992,39239,3.15991742908841,3,3
5,"CASTILLA",2018,5,0,123992,39239,3.15991742908841,3,3
5,"CASTILLA",2018,6,4,123992,39239,3.15991742908841,3,3
5,"CASTILLA",2018,7,0,123992,39239,3.15991742908841,3,3
5,"CASTILLA",2018,8,0,123992,39239,3.15991742908841,3,3
5,"CASTILLA",2018,9,3,123992,39239,3.15991742908841,3,3
5,"CASTILLA",2018,10,2,123992,39239,3.15991742908841,3,3
5,"CASTILLA",2018,11,5,123992,39239,3.15991742908841,3,3
5,"CASTILLA",2018,12,3,123992,39239,3.15991742908841,3,3
5,"CASTILLA",2019,1,3,125276,40418,3.0995101192538,3,3
5,"CASTILLA",2019,2,2,125276,40418,3.0995101192538,3,3
5,"CASTILLA",2019,3,2,125276,40418,3.0995101192538,3,3
5,"CASTILLA",2019,4,0,125276,40418,3.0995101192538,3,3
5,"CASTILLA",2019,5,3,125276,40418,3.0995101192538,3,3
5,"CASTILLA",2019,6,5,125276,40418,3.0995101192538,3,3
5,"CASTILLA",2019,7,4,125276,40418,3.0995101192538,3,3
5,"CASTILLA",2019,8,3,125276,40418,3.0995101192538,3,3
5,"CASTILLA",2019,9,2,125276,40418,3.0995101192538,3,3
5,"CASTILLA",2019,10,1,125276,40418,3.0995101192538,3,3
5,"CASTILLA",2019,11,1,125276,40418,3.0995101192538,3,3
5,"CASTILLA",2019,12,3,125276,40418,3.0995101192538,3,3
5,"CASTILLA",2020,1,5,126200,41513,3.04001156264303,3,3
5,"CASTILLA",2020,2,3,126200,41513,3.04001156264303,3,3
5,"CASTILLA",2020,3,3,126200,41513,3.04001156264303,3,3
5,"CASTILLA",2020,4,3,126200,41513,3.04001156264303,3,3
5,"CASTILLA",2020,5,4,126200,41513,3.04001156264303,3,3
5,"CASTILLA",2020,6,5,126200,41513,3.04001156264303,3,3
5,"CASTILLA",2020,7,3,126200,41513,3.04001156264303,3,3
5,"CASTILLA",2020,8,3,126200,41513,3.04001156264303,3,3
5,"CASTILLA",2020,9,3,126200,41513,3.04001156264303,3,3
5,"CASTILLA",2020,10,2,126200,41513,3.04001156264303,3,3
5,"CASTILLA",2020,11,2,126200,41513,3.04001156264303,3,3
5,"CASTILLA",2020,12,1,126200,41513,3.04001156264303,3,3
5,"CASTILLA",2021,1,2,126587,42480,2.97991996233522,3,3
5,"CASTILLA",2021,2,1,126587,42480,2.97991996233522,3,3
5,"CASTILLA",2021,3,2,126587,42480,2.97991996233522,3,3
5,"CASTILLA",2021,4,4,126587,42480,2.97991996233522,3,3
5,"CASTILLA",2021,5,1,126587,42480,2.97991996233522,3,3
5,"CASTILLA",2021,6,2,126587,42480,2.97991996233522,3,3
5,"CASTILLA",2021,7,2,126587,42480,2.97991996233522,3,3
5,"CASTILLA",2021,8,0,126587,42480,2.97991996233522,3,3
5,"CASTILLA",2021,9,0,126587,42480,2.97991996233522,3,3
5,"CASTILLA",2021,10,1,126587,42480,2.97991996233522,3,3
5,"CASTILLA",2021,11,2,126587,42480,2.97991996233522,3,3
5,"CASTILLA",2021,12,0,126587,42480,2.97991996233522,3,3
5,"CASTILLA",2022,1,3,126939,43441,2.92210124076333,3,3
5,"CASTILLA",2022,2,2,126939,43441,2.92210124076333,3,3
5,"CASTILLA",2022,3,0,126939,43441,2.92210124076333,3,3
5,"CASTILLA",2022,4,5,126939,43441,2.92210124076333,3,3
5,"CASTILLA",2022,5,0,126939,43441,2.92210124076333,3,3
5,"CASTILLA",2022,6,1,126939,43441,2.92210124076333,3,3
5,"CASTILLA",2022,7,1,126939,43441,2.92210124076333,3,3
5,"CASTILLA",2022,8,1,126939,43441,2.92210124076333,3,3
5,"CASTILLA",2022,9,3,126939,43441,2.92210124076333,3,3
5,"CASTILLA",2022,10,0,126939,43441,2.92210124076333,3,3
5,"CASTILLA",2022,11,0,126939,43441,2.92210124076333,3,3
5,"CASTILLA",2022,12,2,126939,43441,2.92210124076333,3,3
5,"CASTILLA",2023,1,3,127289,44389,2.86757980580775,3,3
5,"CASTILLA",2023,2,1,127289,44389,2.86757980580775,3,3
5,"CASTILLA",2023,3,0,127289,44389,2.86757980580775,3,3
5,"CASTILLA",2023,4,1,127289,44389,2.86757980580775,3,3
5,"CASTILLA",2023,5,0,127289,44389,2.86757980580775,3,3
5,"CASTILLA",2023,6,4,127289,44389,2.86757980580775,3,3
5,"CASTILLA",2023,7,3,127289,44389,2.86757980580775,3,3
5,"CASTILLA",2023,8,0,127289,44389,2.86757980580775,3,3
5,"CASTILLA",2023,9,2,127289,44389,2.86757980580775,3,3
5,"CASTILLA",2023,10,5,127289,44389,2.86757980580775,3,3
5,"CASTILLA",2023,11,0,127289,44389,2.86757980580775,3,3
5,"CASTILLA",2023,12,0,127289,44389,2.86757980580775,3,3
6,"DOCE DE OCTUBRE",2018,1,1,177190,52978,3.34459586998377,4,2
6,"DOCE DE OCTUBRE",2018,2,1,177190,52978,3.34459586998377,4,2
6,"DOCE DE OCTUBRE",2018,3,2,177190,52978,3.34459586998377,4,2
6,"DOCE DE OCTUBRE",2018,4,3,177190,52978,3.34459586998377,4,2
6,"DOCE DE OCTUBRE",2018,5,1,177190,52978,3.34459586998377,4,2
6,"DOCE DE OCTUBRE",2018,6,3,177190,52978,3.34459586998377,4,2
6,"DOCE DE OCTUBRE",2018,7,3,177190,52978,3.34459586998377,4,2
6,"DOCE DE OCTUBRE",2018,8,2,177190,52978,3.34459586998377,4,2
6,"DOCE DE OCTUBRE",2018,9,2,177190,52978,3.34459586998377,4,2
6,"DOCE DE OCTUBRE",2018,10,3,177190,52978,3.34459586998377,4,2
6,"DOCE DE OCTUBRE",2018,11,1,177190,52978,3.34459586998377,4,2
6,"DOCE DE OCTUBRE",2018,12,1,177190,52978,3.34459586998377,4,2
6,"DOCE DE OCTUBRE",2019,1,3,179493,54622,3.28609351543334,4,2
6,"DOCE DE OCTUBRE",2019,2,2,179493,54622,3.28609351543334,4,2
6,"DOCE DE OCTUBRE",2019,3,2,179493,54622,3.28609351543334,4,2
6,"DOCE DE OCTUBRE",2019,4,2,179493,54622,3.28609351543334,4,2
6,"DOCE DE OCTUBRE",2019,5,1,179493,54622,3.28609351543334,4,2
6,"DOCE DE OCTUBRE",2019,6,4,179493,54622,3.28609351543334,4,2
6,"DOCE DE OCTUBRE",2019,7,1,179493,54622,3.28609351543334,4,2
6,"DOCE DE OCTUBRE",2019,8,4,179493,54622,3.28609351543334,4,2
6,"DOCE DE OCTUBRE",2019,9,0,179493,54622,3.28609351543334,4,2
6,"DOCE DE OCTUBRE",2019,10,2,179493,54622,3.28609351543334,4,2
6,"DOCE DE OCTUBRE",2019,11,3,179493,54622,3.28609351543334,4,2
6,"DOCE DE OCTUBRE",2019,12,0,179493,54622,3.28609351543334,4,2
6,"DOCE DE OCTUBRE",2020,1,1,181235,56165,3.22683165672572,4,2
6,"DOCE DE OCTUBRE",2020,2,2,181235,56165,3.22683165672572,4,2
6,"DOCE DE OCTUBRE",2020,3,1,181235,56165,3.22683165672572,4,2
6,"DOCE DE OCTUBRE",2020,4,1,181235,56165,3.22683165672572,4,2
6,"DOCE DE OCTUBRE",2020,5,2,181235,56165,3.22683165672572,4,2
6,"DOCE DE OCTUBRE",2020,6,1,181235,56165,3.22683165672572,4,2
6,"DOCE DE OCTUBRE",2020,7,1,181235,56165,3.22683165672572,4,2
6,"DOCE DE OCTUBRE",2020,8,2,181235,56165,3.22683165672572,4,2
6,"DOCE DE OCTUBRE",2020,9,2,181235,56165,3.22683165672572,4,2
6,"DOCE DE OCTUBRE",2020,10,1,181235,56165,3.22683165672572,4,2
6,"DOCE DE OCTUBRE",2020,11,2,181235,56165,3.22683165672572,4,2
6,"DOCE DE OCTUBRE",2020,12,2,181235,56165,3.22683165672572,4,2
6,"DOCE DE OCTUBRE",2021,1,2,182165,57545,3.16560952298201,4,2
6,"DOCE DE OCTUBRE",2021,2,1,182165,57545,3.16560952298201,4,2
6,"DOCE DE OCTUBRE",2021,3,1,182165,57545,3.16560952298201,4,2
6,"DOCE DE OCTUBRE",2021,4,0,182165,57545,3.16560952298201,4,2
6,"DOCE DE OCTUBRE",2021,5,2,182165,57545,3.16560952298201,4,2
6,"DOCE DE OCTUBRE",2021,6,2,182165,57545,3.16560952298201,4,2
6,"DOCE DE OCTUBRE",2021,7,3,182165,57545,3.16560952298201,4,2
6,"DOCE DE OCTUBRE",2021,8,1,182165,57545,3.16560952298201,4,2
6,"DOCE DE OCTUBRE",2021,9,1,182165,57545,3.16560952298201,4,2
6,"DOCE DE OCTUBRE",2021,10,1,182165,57545,3.16560952298201,4,2
6,"DOCE DE OCTUBRE",2021,11,2,182165,57545,3.16560952298201,4,2
6,"DOCE DE OCTUBRE",2021,12,2,182165,57545,3.16560952298201,4,2
6,"DOCE DE OCTUBRE",2022,1,0,183012,58928,3.10568829758349,4,2
6,"DOCE DE OCTUBRE",2022,2,1,183012,58928,3.10568829758349,4,2
6,"DOCE DE OCTUBRE",2022,3,2,183012,58928,3.10568829758349,4,2
6,"DOCE DE OCTUBRE",2022,4,2,183012,58928,3.10568829758349,4,2
6,"DOCE DE OCTUBRE",2022,5,0,183012,58928,3.10568829758349,4,2
6,"DOCE DE OCTUBRE",2022,6,2,183012,58928,3.10568829758349,4,2
6,"DOCE DE OCTUBRE",2022,7,2,183012,58928,3.10568829758349,4,2
6,"DOCE DE OCTUBRE",2022,8,2,183012,58928,3.10568829758349,4,2
6,"DOCE DE OCTUBRE",2022,9,0,183012,58928,3.10568829758349,4,2
6,"DOCE DE OCTUBRE",2022,10,0,183012,58928,3.10568829758349,4,2
6,"DOCE DE OCTUBRE",2022,11,1,183012,58928,3.10568829758349,4,2
6,"DOCE DE OCTUBRE",2022,12,2,183012,58928,3.10568829758349,4,2
6,"DOCE DE OCTUBRE",2023,1,1,183889,60323,3.04840608059944,4,2
6,"DOCE DE OCTUBRE",2023,2,0,183889,60323,3.04840608059944,4,2
6,"DOCE DE OCTUBRE",2023,3,3,183889,60323,3.04840608059944,4,2
6,"DOCE DE OCTUBRE",2023,4,1,183889,60323,3.04840608059944,4,2
6,"DOCE DE OCTUBRE",2023,5,0,183889,60323,3.04840608059944,4,2
6,"DOCE DE OCTUBRE",2023,6,1,183889,60323,3.04840608059944,4,2
6,"DOCE DE OCTUBRE",2023,7,0,183889,60323,3.04840608059944,4,2
6,"DOCE DE OCTUBRE",2023,8,6,183889,60323,3.04840608059944,4,2
6,"DOCE DE OCTUBRE",2023,9,1,183889,60323,3.04840608059944,4,2
6,"DOCE DE OCTUBRE",2023,10,2,183889,60323,3.04840608059944,4,2
6,"DOCE DE OCTUBRE",2023,11,3,183889,60323,3.04840608059944,4,2
6,"DOCE DE OCTUBRE",2023,12,0,183889,60323,3.04840608059944,4,2
7,"ROBLEDO",2018,1,7,189238,61990,3.05271818035167,1,2
7,"ROBLEDO",2018,2,6,189238,61990,3.05271818035167,1,2
7,"ROBLEDO",2018,3,7,189238,61990,3.05271818035167,1,2
7,"ROBLEDO",2018,4,9,189238,61990,3.05271818035167,1,2
7,"ROBLEDO",2018,5,5,189238,61990,3.05271818035167,1,2
7,"ROBLEDO",2018,6,2,189238,61990,3.05271818035167,1,2
7,"ROBLEDO",2018,7,0,189238,61990,3.05271818035167,1,2
7,"ROBLEDO",2018,8,2,189238,61990,3.05271818035167,1,2
7,"ROBLEDO",2018,9,1,189238,61990,3.05271818035167,1,2
7,"ROBLEDO",2018,10,7,189238,61990,3.05271818035167,1,2
7,"ROBLEDO",2018,11,5,189238,61990,3.05271818035167,1,2
7,"ROBLEDO",2018,12,4,189238,61990,3.05271818035167,1,2
7,"ROBLEDO",2019,1,4,194042,64740,2.99725054062403,1,2
7,"ROBLEDO",2019,2,3,194042,64740,2.99725054062403,1,2
7,"ROBLEDO",2019,3,6,194042,64740,2.99725054062403,1,2
7,"ROBLEDO",2019,4,4,194042,64740,2.99725054062403,1,2
7,"ROBLEDO",2019,5,7,194042,64740,2.99725054062403,1,2
7,"ROBLEDO",2019,6,0,194042,64740,2.99725054062403,1,2
7,"ROBLEDO",2019,7,4,194042,64740,2.99725054062403,1,2
7,"ROBLEDO",2019,8,1,194042,64740,2.99725054062403,1,2
7,"ROBLEDO",2019,9,1,194042,64740,2.99725054062403,1,2
7,"ROBLEDO",2019,10,2,194042,64740,2.99725054062403,1,2
7,"ROBLEDO",2019,11,2,194042,64740,2.99725054062403,1,2
7,"ROBLEDO",2019,12,2,194042,64740,2.99725054062403,1,2
7,"ROBLEDO",2020,1,4,198274,67399,2.94179438864078,1,2
7,"ROBLEDO",2020,2,4,198274,67399,2.94179438864078,1,2
7,"ROBLEDO",2020,3,1,198274,67399,2.94179438864078,1,2
7,"ROBLEDO",2020,4,3,198274,67399,2.94179438864078,1,2
7,"ROBLEDO",2020,5,3,198274,67399,2.94179438864078,1,2
7,"ROBLEDO",2020,6,2,198274,67399,2.94179438864078,1,2
7,"ROBLEDO",2020,7,3,198274,67399,2.94179438864078,1,2
7,"ROBLEDO",2020,8,5,198274,67399,2.94179438864078,1,2
7,"ROBLEDO",2020,9,4,198274,67399,2.94179438864078,1,2
7,"ROBLEDO",2020,10,0,198274,67399,2.94179438864078,1,2
7,"ROBLEDO",2020,11,1,198274,67399,2.94179438864078,1,2
7,"ROBLEDO",2020,12,1,198274,67399,2.94179438864078,1,2
7,"ROBLEDO",2021,1,2,201656,69901,2.88488004463455,1,2
7,"ROBLEDO",2021,2,3,201656,69901,2.88488004463455,1,2
7,"ROBLEDO",2021,3,3,201656,69901,2.88488004463455,1,2
7,"ROBLEDO",2021,4,2,201656,69901,2.88488004463455,1,2
7,"ROBLEDO",2021,5,5,201656,69901,2.88488004463455,1,2
7,"ROBLEDO",2021,6,3,201656,69901,2.88488004463455,1,2
7,"ROBLEDO",2021,7,0,201656,69901,2.88488004463455,1,2
7,"ROBLEDO",2021,8,0,201656,69901,2.88488004463455,1,2
7,"ROBLEDO",2021,9,0,201656,69901,2.88488004463455,1,2
7,"ROBLEDO",2021,10,1,201656,69901,2.88488004463455,1,2
7,"ROBLEDO",2021,11,1,201656,69901,2.88488004463455,1,2
7,"ROBLEDO",2021,12,4,201656,69901,2.88488004463455,1,2
7,"ROBLEDO",2022,1,3,204954,72434,2.82952756992573,1,2
7,"ROBLEDO",2022,2,3,204954,72434,2.82952756992573,1,2
7,"ROBLEDO",2022,3,6,204954,72434,2.82952756992573,1,2
7,"ROBLEDO",2022,4,4,204954,72434,2.82952756992573,1,2
7,"ROBLEDO",2022,5,2,204954,72434,2.82952756992573,1,2
7,"ROBLEDO",2022,6,0,204954,72434,2.82952756992573,1,2
7,"ROBLEDO",2022,7,1,204954,72434,2.82952756992573,1,2
7,"ROBLEDO",2022,8,3,204954,72434,2.82952756992573,1,2
7,"ROBLEDO",2022,9,1,204954,72434,2.82952756992573,1,2
7,"ROBLEDO",2022,10,1,204954,72434,2.82952756992573,1,2
7,"ROBLEDO",2022,11,4,204954,72434,2.82952756992573,1,2
7,"ROBLEDO",2022,12,6,204954,72434,2.82952756992573,1,2
7,"ROBLEDO",2023,1,2,208305,75015,2.77684463107379,1,2
7,"ROBLEDO",2023,2,1,208305,75015,2.77684463107379,1,2
7,"ROBLEDO",2023,3,3,208305,75015,2.77684463107379,1,2
7,"ROBLEDO",2023,4,1,208305,75015,2.77684463107379,1,2
7,"ROBLEDO",2023,5,2,208305,75015,2.77684463107379,1,2
7,"ROBLEDO",2023,6,3,208305,75015,2.77684463107379,1,2
7,"ROBLEDO",2023,7,1,208305,75015,2.77684463107379,1,2
7,"ROBLEDO",2023,8,1,208305,75015,2.77684463107379,1,2
7,"ROBLEDO",2023,9,7,208305,75015,2.77684463107379,1,2
7,"ROBLEDO",2023,10,0,208305,75015,2.77684463107379,1,2
7,"ROBLEDO",2023,11,0,208305,75015,2.77684463107379,1,2
7,"ROBLEDO",2023,12,0,208305,75015,2.77684463107379,1,2
8,"VILLA HERMOSA",2018,1,3,153216,52570,2.91451398135819,0,3
8,"VILLA HERMOSA",2018,2,6,153216,52570,2.91451398135819,0,3
8,"VILLA HERMOSA",2018,3,1,153216,52570,2.91451398135819,0,3
8,"VILLA HERMOSA",2018,4,2,153216,52570,2.91451398135819,0,3
8,"VILLA HERMOSA",2018,5,4,153216,52570,2.91451398135819,0,3
8,"VILLA HERMOSA",2018,6,0,153216,52570,2.91451398135819,0,3
8,"VILLA HERMOSA",2018,7,0,153216,52570,2.91451398135819,0,3
8,"VILLA HERMOSA",2018,8,1,153216,52570,2.91451398135819,0,3
8,"VILLA HERMOSA",2018,9,2,153216,52570,2.91451398135819,0,3
8,"VILLA HERMOSA",2018,10,1,153216,52570,2.91451398135819,0,3
8,"VILLA HERMOSA",2018,11,0,153216,52570,2.91451398135819,0,3
8,"VILLA HERMOSA",2018,12,0,153216,52570,2.91451398135819,0,3
8,"VILLA HERMOSA",2019,1,7,157668,55135,2.85967171488165,0,3
8,"VILLA HERMOSA",2019,2,0,157668,55135,2.85967171488165,0,3
8,"VILLA HERMOSA",2019,3,1,157668,55135,2.85967171488165,0,3
8,"VILLA HERMOSA",2019,4,3,157668,55135,2.85967171488165,0,3
8,"VILLA HERMOSA",2019,5,3,157668,55135,2.85967171488165,0,3
8,"VILLA HERMOSA",2019,6,1,157668,55135,2.85967171488165,0,3
8,"VILLA HERMOSA",2019,7,2,157668,55135,2.85967171488165,0,3
8,"VILLA HERMOSA",2019,8,6,157668,55135,2.85967171488165,0,3
8,"VILLA HERMOSA",2019,9,3,157668,55135,2.85967171488165,0,3
8,"VILLA HERMOSA",2019,10,1,157668,55135,2.85967171488165,0,3
8,"VILLA HERMOSA",2019,11,3,157668,55135,2.85967171488165,0,3
8,"VILLA HERMOSA",2019,12,3,157668,55135,2.85967171488165,0,3
8,"VILLA HERMOSA",2020,1,4,161728,57650,2.80534258456201,0,3
8,"VILLA HERMOSA",2020,2,0,161728,57650,2.80534258456201,0,3
8,"VILLA HERMOSA",2020,3,1,161728,57650,2.80534258456201,0,3
8,"VILLA HERMOSA",2020,4,0,161728,57650,2.80534258456201,0,3
8,"VILLA HERMOSA",2020,5,2,161728,57650,2.80534258456201,0,3
8,"VILLA HERMOSA",2020,6,1,161728,57650,2.80534258456201,0,3
8,"VILLA HERMOSA",2020,7,3,161728,57650,2.80534258456201,0,3
8,"VILLA HERMOSA",2020,8,5,161728,57650,2.80534258456201,0,3
8,"VILLA HERMOSA",2020,9,3,161728,57650,2.80534258456201,0,3
8,"VILLA HERMOSA",2020,10,2,161728,57650,2.80534258456201,0,3
8,"VILLA HERMOSA",2020,11,0,161728,57650,2.80534258456201,0,3
8,"VILLA HERMOSA",2020,12,5,161728,57650,2.80534258456201,0,3
8,"VILLA HERMOSA",2021,1,2,165061,60017,2.75023743272739,0,3
8,"VILLA HERMOSA",2021,2,2,165061,60017,2.75023743272739,0,3
8,"VILLA HERMOSA",2021,3,2,165061,60017,2.75023743272739,0,3
8,"VILLA HERMOSA",2021,4,0,165061,60017,2.75023743272739,0,3
8,"VILLA HERMOSA",2021,5,1,165061,60017,2.75023743272739,0,3
8,"VILLA HERMOSA",2021,6,5,165061,60017,2.75023743272739,0,3
8,"VILLA HERMOSA",2021,7,1,165061,60017,2.75023743272739,0,3
8,"VILLA HERMOSA",2021,8,1,165061,60017,2.75023743272739,0,3
8,"VILLA HERMOSA",2021,9,4,165061,60017,2.75023743272739,0,3
8,"VILLA HERMOSA",2021,10,3,165061,60017,2.75023743272739,0,3
8,"VILLA HERMOSA",2021,11,0,165061,60017,2.75023743272739,0,3
8,"VILLA HERMOSA",2021,12,2,165061,60017,2.75023743272739,0,3
8,"VILLA HERMOSA",2022,1,0,168399,62439,2.69701628789699,0,3
8,"VILLA HERMOSA",2022,2,0,168399,62439,2.69701628789699,0,3
8,"VILLA HERMOSA",2022,3,2,168399,62439,2.69701628789699,0,3
8,"VILLA HERMOSA",2022,4,2,168399,62439,2.69701628789699,0,3
8,"VILLA HERMOSA",2022,5,4,168399,62439,2.69701628789699,0,3
8,"VILLA HERMOSA",2022,6,3,168399,62439,2.69701628789699,0,3
8,"VILLA HERMOSA",2022,7,2,168399,62439,2.69701628789699,0,3
8,"VILLA HERMOSA",2022,8,1,168399,62439,2.69701628789699,0,3
8,"VILLA HERMOSA",2022,9,2,168399,62439,2.69701628789699,0,3
8,"VILLA HERMOSA",2022,10,0,168399,62439,2.69701628789699,0,3
8,"VILLA HERMOSA",2022,11,0,168399,62439,2.69701628789699,0,3
8,"VILLA HERMOSA",2022,12,1,168399,62439,2.69701628789699,0,3
8,"VILLA HERMOSA",2023,1,4,171776,64902,2.64669809867184,0,3
8,"VILLA HERMOSA",2023,2,0,171776,64902,2.64669809867184,0,3
8,"VILLA HERMOSA",2023,3,2,171776,64902,2.64669809867184,0,3
8,"VILLA HERMOSA",2023,4,0,171776,64902,2.64669809867184,0,3
8,"VILLA HERMOSA",2023,5,3,171776,64902,2.64669809867184,0,3
8,"VILLA HERMOSA",2023,6,3,171776,64902,2.64669809867184,0,3
8,"VILLA HERMOSA",2023,7,1,171776,64902,2.64669809867184,0,3
8,"VILLA HERMOSA",2023,8,3,171776,64902,2.64669809867184,0,3
8,"VILLA HERMOSA",2023,9,4,171776,64902,2.64669809867184,0,3
8,"VILLA HERMOSA",2023,10,1,171776,64902,2.64669809867184,0,3
8,"VILLA HERMOSA",2023,11,1,171776,64902,2.64669809867184,0,3
8,"VILLA HERMOSA",2023,12,0,171776,64902,2.64669809867184,0,3
9,"BUENOS AIRES",2018,1,1,155391,51722,3.00435017980743,3,3
9,"BUENOS AIRES",2018,2,0,155391,51722,3.00435017980743,3,3
9,"BUENOS AIRES",2018,3,1,155391,51722,3.00435017980743,3,3
9,"BUENOS AIRES",2018,4,0,155391,51722,3.00435017980743,3,3
9,"BUENOS AIRES",2018,5,0,155391,51722,3.00435017980743,3,3
9,"BUENOS AIRES",2018,6,2,155391,51722,3.00435017980743,3,3
9,"BUENOS AIRES",2018,7,0,155391,51722,3.00435017980743,3,3
9,"BUENOS AIRES",2018,8,1,155391,51722,3.00435017980743,3,3
9,"BUENOS AIRES",2018,9,1,155391,51722,3.00435017980743,3,3
9,"BUENOS AIRES",2018,10,1,155391,51722,3.00435017980743,3,3
9,"BUENOS AIRES",2018,11,0,155391,51722,3.00435017980743,3,3
9,"BUENOS AIRES",2018,12,0,155391,51722,3.00435017980743,3,3
9,"BUENOS AIRES",2019,1,0,160045,54072,2.95984982985649,3,3
9,"BUENOS AIRES",2019,2,5,160045,54072,2.95984982985649,3,3
9,"BUENOS AIRES",2019,3,0,160045,54072,2.95984982985649,3,3
9,"BUENOS AIRES",2019,4,0,160045,54072,2.95984982985649,3,3
9,"BUENOS AIRES",2019,5,2,160045,54072,2.95984982985649,3,3
9,"BUENOS AIRES",2019,6,0,160045,54072,2.95984982985649,3,3
9,"BUENOS AIRES",2019,7,0,160045,54072,2.95984982985649,3,3
9,"BUENOS AIRES",2019,8,0,160045,54072,2.95984982985649,3,3
9,"BUENOS AIRES",2019,9,2,160045,54072,2.95984982985649,3,3
9,"BUENOS AIRES",2019,10,0,160045,54072,2.95984982985649,3,3
9,"BUENOS AIRES",2019,11,2,160045,54072,2.95984982985649,3,3
9,"BUENOS AIRES",2019,12,0,160045,54072,2.95984982985649,3,3
9,"BUENOS AIRES",2020,1,1,164279,56404,2.91254166371179,3,3
9,"BUENOS AIRES",2020,2,1,164279,56404,2.91254166371179,3,3
9,"BUENOS AIRES",2020,3,2,164279,56404,2.91254166371179,3,3
9,"BUENOS AIRES",2020,4,0,164279,56404,2.91254166371179,3,3
9,"BUENOS AIRES",2020,5,3,164279,56404,2.91254166371179,3,3
9,"BUENOS AIRES",2020,6,0,164279,56404,2.91254166371179,3,3
9,"BUENOS AIRES",2020,7,0,164279,56404,2.91254166371179,3,3
9,"BUENOS AIRES",2020,8,0,164279,56404,2.91254166371179,3,3
9,"BUENOS AIRES",2020,9,0,164279,56404,2.91254166371179,3,3
9,"BUENOS AIRES",2020,10,1,164279,56404,2.91254166371179,3,3
9,"BUENOS AIRES",2020,11,0,164279,56404,2.91254166371179,3,3
9,"BUENOS AIRES",2020,12,4,164279,56404,2.91254166371179,3,3
9,"BUENOS AIRES",2021,1,1,167860,58660,2.86157517899761,3,3
9,"BUENOS AIRES",2021,2,0,167860,58660,2.86157517899761,3,3
9,"BUENOS AIRES",2021,3,2,167860,58660,2.86157517899761,3,3
9,"BUENOS AIRES",2021,4,0,167860,58660,2.86157517899761,3,3
9,"BUENOS AIRES",2021,5,0,167860,58660,2.86157517899761,3,3
9,"BUENOS AIRES",2021,6,2,167860,58660,2.86157517899761,3,3
9,"BUENOS AIRES",2021,7,1,167860,58660,2.86157517899761,3,3
9,"BUENOS AIRES",2021,8,0,167860,58660,2.86157517899761,3,3
9,"BUENOS AIRES",2021,9,3,167860,58660,2.86157517899761,3,3
9,"BUENOS AIRES",2021,10,0,167860,58660,2.86157517899761,3,3
9,"BUENOS AIRES",2021,11,1,167860,58660,2.86157517899761,3,3
9,"BUENOS AIRES",2021,12,1,167860,58660,2.86157517899761,3,3
9,"BUENOS AIRES",2022,1,2,171416,61001,2.81005229422468,3,3
9,"BUENOS AIRES",2022,2,1,171416,61001,2.81005229422468,3,3
9,"BUENOS AIRES",2022,3,2,171416,61001,2.81005229422468,3,3
9,"BUENOS AIRES",2022,4,0,171416,61001,2.81005229422468,3,3
9,"BUENOS AIRES",2022,5,1,171416,61001,2.81005229422468,3,3
9,"BUENOS AIRES",2022,6,0,171416,61001,2.81005229422468,3,3
9,"BUENOS AIRES",2022,7,2,171416,61001,2.81005229422468,3,3
9,"BUENOS AIRES",2022,8,2,171416,61001,2.81005229422468,3,3
9,"BUENOS AIRES",2022,9,3,171416,61001,2.81005229422468,3,3
9,"BUENOS AIRES",2022,10,1,171416,61001,2.81005229422468,3,3
9,"BUENOS AIRES",2022,11,1,171416,61001,2.81005229422468,3,3
9,"BUENOS AIRES",2022,12,2,171416,61001,2.81005229422468,3,3
9,"BUENOS AIRES",2023,1,1,175014,63420,2.75960264900662,3,3
9,"BUENOS AIRES",2023,2,3,175014,63420,2.75960264900662,3,3
9,"BUENOS AIRES",2023,3,2,175014,63420,2.75960264900662,3,3
9,"BUENOS AIRES",2023,4,0,175014,63420,2.75960264900662,3,3
9,"BUENOS AIRES",2023,5,1,175014,63420,2.75960264900662,3,3
9,"BUENOS AIRES",2023,6,0,175014,63420,2.75960264900662,3,3
9,"BUENOS AIRES",2023,7,4,175014,63420,2.75960264900662,3,3
9,"BUENOS AIRES",2023,8,2,175014,63420,2.75960264900662,3,3
9,"BUENOS AIRES",2023,9,0,175014,63420,2.75960264900662,3,3
9,"BUENOS AIRES",2023,10,2,175014,63420,2.75960264900662,3,3
9,"BUENOS AIRES",2023,11,1,175014,63420,2.75960264900662,3,3
9,"BUENOS AIRES",2023,12,0,175014,63420,2.75960264900662,3,3
10,"LA CANDELARIA",2018,1,7,75913,33005,2.30004544765945,2,4
10,"LA CANDELARIA",2018,2,9,75913,33005,2.30004544765945,2,4
10,"LA CANDELARIA",2018,3,11,75913,33005,2.30004544765945,2,4
10,"LA CANDELARIA",2018,4,10,75913,33005,2.30004544765945,2,4
10,"LA CANDELARIA",2018,5,9,75913,33005,2.30004544765945,2,4
10,"LA CANDELARIA",2018,6,12,75913,33005,2.30004544765945,2,4
10,"LA CANDELARIA",2018,7,11,75913,33005,2.30004544765945,2,4
10,"LA CANDELARIA",2018,8,12,75913,33005,2.30004544765945,2,4
10,"LA CANDELARIA",2018,9,5,75913,33005,2.30004544765945,2,4
10,"LA CANDELARIA",2018,10,9,75913,33005,2.30004544765945,2,4
10,"LA CANDELARIA",2018,11,5,75913,33005,2.30004544765945,2,4
10,"LA CANDELARIA",2018,12,8,75913,33005,2.30004544765945,2,4
10,"LA CANDELARIA",2019,1,8,77053,34046,2.26320272572402,2,4
10,"LA CANDELARIA",2019,2,6,77053,34046,2.26320272572402,2,4
10,"LA CANDELARIA",2019,3,1,77053,34046,2.26320272572402,2,4
10,"LA CANDELARIA",2019,4,15,77053,34046,2.26320272572402,2,4
10,"LA CANDELARIA",2019,5,16,77053,34046,2.26320272572402,2,4
10,"LA CANDELARIA",2019,6,7,77053,34046,2.26320272572402,2,4
10,"LA CANDELARIA",2019,7,7,77053,34046,2.26320272572402,2,4
10,"LA CANDELARIA",2019,8,6,77053,34046,2.26320272572402,2,4
10,"LA CANDELARIA",2019,9,5,77053,34046,2.26320272572402,2,4
10,"LA CANDELARIA",2019,10,5,77053,34046,2.26320272572402,2,4
10,"LA CANDELARIA",2019,11,4,77053,34046,2.26320272572402,2,4
10,"LA CANDELARIA",2019,12,7,77053,34046,2.26320272572402,2,4
10,"LA CANDELARIA",2020,1,4,77926,35023,2.22499500328356,2,4
10,"LA CANDELARIA",2020,2,6,77926,35023,2.22499500328356,2,4
10,"LA CANDELARIA",2020,3,2,77926,35023,2.22499500328356,2,4
10,"LA CANDELARIA",2020,4,4,77926,35023,2.22499500328356,2,4
10,"LA CANDELARIA",2020,5,6,77926,35023,2.22499500328356,2,4
10,"LA CANDELARIA",2020,6,7,77926,35023,2.22499500328356,2,4
10,"LA CANDELARIA",2020,7,2,77926,35023,2.22499500328356,2,4
10,"LA CANDELARIA",2020,8,1,77926,35023,2.22499500328356,2,4
10,"LA CANDELARIA",2020,9,7,77926,35023,2.22499500328356,2,4
10,"LA CANDELARIA",2020,10,4,77926,35023,2.22499500328356,2,4
10,"LA CANDELARIA",2020,11,9,77926,35023,2.22499500328356,2,4
10,"LA CANDELARIA",2020,12,5,77926,35023,2.22499500328356,2,4
10,"LA CANDELARIA",2021,1,2,78478,35924,2.18455628549159,2,4
10,"LA CANDELARIA",2021,2,5,78478,35924,2.18455628549159,2,4
10,"LA CANDELARIA",2021,3,5,78478,35924,2.18455628549159,2,4
10,"LA CANDELARIA",2021,4,10,78478,35924,2.18455628549159,2,4
10,"LA CANDELARIA",2021,5,8,78478,35924,2.18455628549159,2,4
10,"LA CANDELARIA",2021,6,8,78478,35924,2.18455628549159,2,4
10,"LA CANDELARIA",2021,7,9,78478,35924,2.18455628549159,2,4
10,"LA CANDELARIA",2021,8,8,78478,35924,2.18455628549159,2,4
10,"LA CANDELARIA",2021,9,5,78478,35924,2.18455628549159,2,4
10,"LA CANDELARIA",2021,10,8,78478,35924,2.18455628549159,2,4
10,"LA CANDELARIA",2021,11,4,78478,35924,2.18455628549159,2,4
10,"LA CANDELARIA",2021,12,8,78478,35924,2.18455628549159,2,4
10,"LA CANDELARIA",2022,1,8,78937,36813,2.14426968733871,2,4
10,"LA CANDELARIA",2022,2,10,78937,36813,2.14426968733871,2,4
10,"LA CANDELARIA",2022,3,8,78937,36813,2.14426968733871,2,4
10,"LA CANDELARIA",2022,4,6,78937,36813,2.14426968733871,2,4
10,"LA CANDELARIA",2022,5,4,78937,36813,2.14426968733871,2,4
10,"LA CANDELARIA",2022,6,8,78937,36813,2.14426968733871,2,4
10,"LA CANDELARIA",2022,7,4,78937,36813,2.14426968733871,2,4
10,"LA CANDELARIA",2022,8,2,78937,36813,2.14426968733871,2,4
10,"LA CANDELARIA",2022,9,5,78937,36813,2.14426968733871,2,4
10,"LA CANDELARIA",2022,10,9,78937,36813,2.14426968733871,2,4
10,"LA CANDELARIA",2022,11,4,78937,36813,2.14426968733871,2,4
10,"LA CANDELARIA",2022,12,3,78937,36813,2.14426968733871,2,4
10,"LA CANDELARIA",2023,1,7,79404,37718,2.10520176043268,2,4
10,"LA CANDELARIA",2023,2,1,79404,37718,2.10520176043268,2,4
10,"LA CANDELARIA",2023,3,9,79404,37718,2.10520176043268,2,4
10,"LA CANDELARIA",2023,4,9,79404,37718,2.10520176043268,2,4
10,"LA CANDELARIA",2023,5,3,79404,37718,2.10520176043268,2,4
10,"LA CANDELARIA",2023,6,5,79404,37718,2.10520176043268,2,4
10,"LA CANDELARIA",2023,7,6,79404,37718,2.10520176043268,2,4
10,"LA CANDELARIA",2023,8,6,79404,37718,2.10520176043268,2,4
10,"LA CANDELARIA",2023,9,8,79404,37718,2.10520176043268,2,4
10,"LA CANDELARIA",2023,10,9,79404,37718,2.10520176043268,2,4
10,"LA CANDELARIA",2023,11,5,79404,37718,2.10520176043268,2,4
10,"LA CANDELARIA",2023,12,0,79404,37718,2.10520176043268,2,4
11,"LAURELES",2018,1,2,99904,38247,2.61207414960651,4,5
11,"LAURELES",2018,2,2,99904,38247,2.61207414960651,4,5
11,"LAURELES",2018,3,0,99904,38247,2.61207414960651,4,5
11,"LAURELES",2018,4,4,99904,38247,2.61207414960651,4,5
11,"LAURELES",2018,5,2,99904,38247,2.61207414960651,4,5
11,"LAURELES",2018,6,1,99904,38247,2.61207414960651,4,5
11,"LAURELES",2018,7,2,99904,38247,2.61207414960651,4,5
11,"LAURELES",2018,8,5,99904,38247,2.61207414960651,4,5
11,"LAURELES",2018,9,0,99904,38247,2.61207414960651,4,5
11,"LAURELES",2018,10,2,99904,38247,2.61207414960651,4,5
11,"LAURELES",2018,11,2,99904,38247,2.61207414960651,4,5
11,"LAURELES",2018,12,10,99904,38247,2.61207414960651,4,5
11,"LAURELES",2019,1,2,100749,39110,2.57604193300946,4,5
11,"LAURELES",2019,2,2,100749,39110,2.57604193300946,4,5
11,"LAURELES",2019,3,1,100749,39110,2.57604193300946,4,5
11,"LAURELES",2019,4,7,100749,39110,2.57604193300946,4,5
11,"LAURELES",2019,5,1,100749,39110,2.57604193300946,4,5
11,"LAURELES",2019,6,0,100749,39110,2.57604193300946,4,5
11,"LAURELES",2019,7,2,100749,39110,2.57604193300946,4,5
11,"LAURELES",2019,8,1,100749,39110,2.57604193300946,4,5
11,"LAURELES",2019,9,1,100749,39110,2.57604193300946,4,5
11,"LAURELES",2019,10,3,100749,39110,2.57604193300946,4,5
11,"LAURELES",2019,11,2,100749,39110,2.57604193300946,4,5
11,"LAURELES",2019,12,3,100749,39110,2.57604193300946,4,5
11,"LAURELES",2020,1,0,101316,39935,2.53702266182547,4,5
11,"LAURELES",2020,2,2,101316,39935,2.53702266182547,4,5
11,"LAURELES",2020,3,0,101316,39935,2.53702266182547,4,5
11,"LAURELES",2020,4,0,101316,39935,2.53702266182547,4,5
11,"LAURELES",2020,5,0,101316,39935,2.53702266182547,4,5
11,"LAURELES",2020,6,0,101316,39935,2.53702266182547,4,5
11,"LAURELES",2020,7,2,101316,39935,2.53702266182547,4,5
11,"LAURELES",2020,8,0,101316,39935,2.53702266182547,4,5
11,"LAURELES",2020,9,3,101316,39935,2.53702266182547,4,5
11,"LAURELES",2020,10,1,101316,39935,2.53702266182547,4,5
11,"LAURELES",2020,11,1,101316,39935,2.53702266182547,4,5
11,"LAURELES",2020,12,0,101316,39935,2.53702266182547,4,5
11,"LAURELES",2021,1,1,101473,40681,2.49435854575846,4,5
11,"LAURELES",2021,2,0,101473,40681,2.49435854575846,4,5
11,"LAURELES",2021,3,1,101473,40681,2.49435854575846,4,5
11,"LAURELES",2021,4,1,101473,40681,2.49435854575846,4,5
11,"LAURELES",2021,5,1,101473,40681,2.49435854575846,4,5
11,"LAURELES",2021,6,1,101473,40681,2.49435854575846,4,5
11,"LAURELES",2021,7,1,101473,40681,2.49435854575846,4,5
11,"LAURELES",2021,8,2,101473,40681,2.49435854575846,4,5
11,"LAURELES",2021,9,1,101473,40681,2.49435854575846,4,5
11,"LAURELES",2021,10,3,101473,40681,2.49435854575846,4,5
11,"LAURELES",2021,11,3,101473,40681,2.49435854575846,4,5
11,"LAURELES",2021,12,2,101473,40681,2.49435854575846,4,5
11,"LAURELES",2022,1,2,101632,41468,2.45085367029999,4,5
11,"LAURELES",2022,2,2,101632,41468,2.45085367029999,4,5
11,"LAURELES",2022,3,2,101632,41468,2.45085367029999,4,5
11,"LAURELES",2022,4,0,101632,41468,2.45085367029999,4,5
11,"LAURELES",2022,5,1,101632,41468,2.45085367029999,4,5
11,"LAURELES",2022,6,4,101632,41468,2.45085367029999,4,5
11,"LAURELES",2022,7,2,101632,41468,2.45085367029999,4,5
11,"LAURELES",2022,8,1,101632,41468,2.45085367029999,4,5
11,"LAURELES",2022,9,0,101632,41468,2.45085367029999,4,5
11,"LAURELES",2022,10,4,101632,41468,2.45085367029999,4,5
11,"LAURELES",2022,11,1,101632,41468,2.45085367029999,4,5
11,"LAURELES",2022,12,0,101632,41468,2.45085367029999,4,5
11,"LAURELES",2023,1,0,101796,42276,2.40789100198694,4,5
11,"LAURELES",2023,2,1,101796,42276,2.40789100198694,4,5
11,"LAURELES",2023,3,1,101796,42276,2.40789100198694,4,5
11,"LAURELES",2023,4,4,101796,42276,2.40789100198694,4,5
11,"LAURELES",2023,5,1,101796,42276,2.40789100198694,4,5
11,"LAURELES",2023,6,3,101796,42276,2.40789100198694,4,5
11,"LAURELES",2023,7,1,101796,42276,2.40789100198694,4,5
11,"LAURELES",2023,8,4,101796,42276,2.40789100198694,4,5
11,"LAURELES",2023,9,0,101796,42276,2.40789100198694,4,5
11,"LAURELES",2023,10,0,101796,42276,2.40789100198694,4,5
11,"LAURELES",2023,11,0,101796,42276,2.40789100198694,4,5
11,"LAURELES",2023,12,0,101796,42276,2.40789100198694,4,5
12,"LA AMERICA",2018,1,1,85416,32120,2.65927770859278,0,4
12,"LA AMERICA",2018,2,2,85416,32120,2.65927770859278,0,4
12,"LA AMERICA",2018,3,2,85416,32120,2.65927770859278,0,4
12,"LA AMERICA",2018,4,3,85416,32120,2.65927770859278,0,4
12,"LA AMERICA",2018,5,5,85416,32120,2.65927770859278,0,4
12,"LA AMERICA",2018,6,7,85416,32120,2.65927770859278,0,4
12,"LA AMERICA",2018,7,1,85416,32120,2.65927770859278,0,4
12,"LA AMERICA",2018,8,3,85416,32120,2.65927770859278,0,4
12,"LA AMERICA",2018,9,1,85416,32120,2.65927770859278,0,4
12,"LA AMERICA",2018,10,1,85416,32120,2.65927770859278,0,4
12,"LA AMERICA",2018,11,4,85416,32120,2.65927770859278,0,4
12,"LA AMERICA",2018,12,1,85416,32120,2.65927770859278,0,4
12,"LA AMERICA",2019,1,4,86403,32925,2.62423690205011,0,4
12,"LA AMERICA",2019,2,5,86403,32925,2.62423690205011,0,4
12,"LA AMERICA",2019,3,9,86403,32925,2.62423690205011,0,4
12,"LA AMERICA",2019,4,5,86403,32925,2.62423690205011,0,4
12,"LA AMERICA",2019,5,2,86403,32925,2.62423690205011,0,4
12,"LA AMERICA",2019,6,2,86403,32925,2.62423690205011,0,4
12,"LA AMERICA",2019,7,0,86403,32925,2.62423690205011,0,4
12,"LA AMERICA",2019,8,3,86403,32925,2.62423690205011,0,4
12,"LA AMERICA",2019,9,0,86403,32925,2.62423690205011,0,4
12,"LA AMERICA",2019,10,3,86403,32925,2.62423690205011,0,4
12,"LA AMERICA",2019,11,0,86403,32925,2.62423690205011,0,4
12,"LA AMERICA",2019,12,1,86403,32925,2.62423690205011,0,4
12,"LA AMERICA",2020,1,1,87128,33693,2.58593773187309,0,4
12,"LA AMERICA",2020,2,0,87128,33693,2.58593773187309,0,4
12,"LA AMERICA",2020,3,0,87128,33693,2.58593773187309,0,4
12,"LA AMERICA",2020,4,0,87128,33693,2.58593773187309,0,4
12,"LA AMERICA",2020,5,1,87128,33693,2.58593773187309,0,4
12,"LA AMERICA",2020,6,2,87128,33693,2.58593773187309,0,4
12,"LA AMERICA",2020,7,0,87128,33693,2.58593773187309,0,4
12,"LA AMERICA",2020,8,1,87128,33693,2.58593773187309,0,4
12,"LA AMERICA",2020,9,1,87128,33693,2.58593773187309,0,4
12,"LA AMERICA",2020,10,2,87128,33693,2.58593773187309,0,4
12,"LA AMERICA",2020,11,1,87128,33693,2.58593773187309,0,4
12,"LA AMERICA",2020,12,1,87128,33693,2.58593773187309,0,4
12,"LA AMERICA",2021,1,2,87489,34398,2.54343275771847,0,4
12,"LA AMERICA",2021,2,1,87489,34398,2.54343275771847,0,4
12,"LA AMERICA",2021,3,1,87489,34398,2.54343275771847,0,4
12,"LA AMERICA",2021,4,0,87489,34398,2.54343275771847,0,4
12,"LA AMERICA",2021,5,0,87489,34398,2.54343275771847,0,4
12,"LA AMERICA",2021,6,1,87489,34398,2.54343275771847,0,4
12,"LA AMERICA",2021,7,1,87489,34398,2.54343275771847,0,4
12,"LA AMERICA",2021,8,0,87489,34398,2.54343275771847,0,4
12,"LA AMERICA",2021,9,1,87489,34398,2.54343275771847,0,4
12,"LA AMERICA",2021,10,0,87489,34398,2.54343275771847,0,4
12,"LA AMERICA",2021,11,0,87489,34398,2.54343275771847,0,4
12,"LA AMERICA",2021,12,0,87489,34398,2.54343275771847,0,4
12,"LA AMERICA",2022,1,1,87849,35142,2.49982926412839,0,4
12,"LA AMERICA",2022,2,0,87849,35142,2.49982926412839,0,4
12,"LA AMERICA",2022,3,0,87849,35142,2.49982926412839,0,4
12,"LA AMERICA",2022,4,0,87849,35142,2.49982926412839,0,4
12,"LA AMERICA",2022,5,2,87849,35142,2.49982926412839,0,4
12,"LA AMERICA",2022,6,0,87849,35142,2.49982926412839,0,4
12,"LA AMERICA",2022,7,0,87849,35142,2.49982926412839,0,4
12,"LA AMERICA",2022,8,0,87849,35142,2.49982926412839,0,4
12,"LA AMERICA",2022,9,0,87849,35142,2.49982926412839,0,4
12,"LA AMERICA",2022,10,0,87849,35142,2.49982926412839,0,4
12,"LA AMERICA",2022,11,1,87849,35142,2.49982926412839,0,4
12,"LA AMERICA",2022,12,0,87849,35142,2.49982926412839,0,4
12,"LA AMERICA",2023,1,0,88207,35907,2.45654050742195,0,4
12,"LA AMERICA",2023,2,1,88207,35907,2.45654050742195,0,4
12,"LA AMERICA",2023,3,0,88207,35907,2.45654050742195,0,4
12,"LA AMERICA",2023,4,0,88207,35907,2.45654050742195,0,4
12,"LA AMERICA",2023,5,1,88207,35907,2.45654050742195,0,4
12,"LA AMERICA",2023,6,0,88207,35907,2.45654050742195,0,4
12,"LA AMERICA",2023,7,1,88207,35907,2.45654050742195,0,4
12,"LA AMERICA",2023,8,0,88207,35907,2.45654050742195,0,4
12,"LA AMERICA",2023,9,1,88207,35907,2.45654050742195,0,4
12,"LA AMERICA",2023,10,0,88207,35907,2.45654050742195,0,4
12,"LA AMERICA",2023,11,0,88207,35907,2.45654050742195,0,4
12,"LA AMERICA",2023,12,0,88207,35907,2.45654050742195,0,4
13,"SAN JAVIER",2018,1,7,157243,52853,2.97510075113995,0,2
13,"SAN JAVIER",2018,2,1,157243,52853,2.97510075113995,0,2
13,"SAN JAVIER",2018,3,0,157243,52853,2.97510075113995,0,2
13,"SAN JAVIER",2018,4,7,157243,52853,2.97510075113995,0,2
13,"SAN JAVIER",2018,5,11,157243,52853,2.97510075113995,0,2
13,"SAN JAVIER",2018,6,10,157243,52853,2.97510075113995,0,2
13,"SAN JAVIER",2018,7,12,157243,52853,2.97510075113995,0,2
13,"SAN JAVIER",2018,8,9,157243,52853,2.97510075113995,0,2
13,"SAN JAVIER",2018,9,7,157243,52853,2.97510075113995,0,2
13,"SAN JAVIER",2018,10,6,157243,52853,2.97510075113995,0,2
13,"SAN JAVIER",2018,11,10,157243,52853,2.97510075113995,0,2
13,"SAN JAVIER",2018,12,10,157243,52853,2.97510075113995,0,2
13,"SAN JAVIER",2019,1,4,161562,55263,2.92351121003203,0,2
13,"SAN JAVIER",2019,2,3,161562,55263,2.92351121003203,0,2
13,"SAN JAVIER",2019,3,5,161562,55263,2.92351121003203,0,2
13,"SAN JAVIER",2019,4,10,161562,55263,2.92351121003203,0,2
13,"SAN JAVIER",2019,5,5,161562,55263,2.92351121003203,0,2
13,"SAN JAVIER",2019,6,2,161562,55263,2.92351121003203,0,2
13,"SAN JAVIER",2019,7,4,161562,55263,2.92351121003203,0,2
13,"SAN JAVIER",2019,8,2,161562,55263,2.92351121003203,0,2
13,"SAN JAVIER",2019,9,3,161562,55263,2.92351121003203,0,2
13,"SAN JAVIER",2019,10,5,161562,55263,2.92351121003203,0,2
13,"SAN JAVIER",2019,11,2,161562,55263,2.92351121003203,0,2
13,"SAN JAVIER",2019,12,3,161562,55263,2.92351121003203,0,2
13,"SAN JAVIER",2020,1,2,165436,57618,2.87125551043077,0,2
13,"SAN JAVIER",2020,2,7,165436,57618,2.87125551043077,0,2
13,"SAN JAVIER",2020,3,0,165436,57618,2.87125551043077,0,2
13,"SAN JAVIER",2020,4,2,165436,57618,2.87125551043077,0,2
13,"SAN JAVIER",2020,5,5,165436,57618,2.87125551043077,0,2
13,"SAN JAVIER",2020,6,3,165436,57618,2.87125551043077,0,2
13,"SAN JAVIER",2020,7,1,165436,57618,2.87125551043077,0,2
13,"SAN JAVIER",2020,8,3,165436,57618,2.87125551043077,0,2
13,"SAN JAVIER",2020,9,0,165436,57618,2.87125551043077,0,2
13,"SAN JAVIER",2020,10,1,165436,57618,2.87125551043077,0,2
13,"SAN JAVIER",2020,11,0,165436,57618,2.87125551043077,0,2
13,"SAN JAVIER",2020,12,0,165436,57618,2.87125551043077,0,2
13,"SAN JAVIER",2021,1,2,168649,59869,2.81696704471429,0,2
13,"SAN JAVIER",2021,2,3,168649,59869,2.81696704471429,0,2
13,"SAN JAVIER",2021,3,2,168649,59869,2.81696704471429,0,2
13,"SAN JAVIER",2021,4,1,168649,59869,2.81696704471429,0,2
13,"SAN JAVIER",2021,5,1,168649,59869,2.81696704471429,0,2
13,"SAN JAVIER",2021,6,1,168649,59869,2.81696704471429,0,2
13,"SAN JAVIER",2021,7,1,168649,59869,2.81696704471429,0,2
13,"SAN JAVIER",2021,8,1,168649,59869,2.81696704471429,0,2
13,"SAN JAVIER",2021,9,0,168649,59869,2.81696704471429,0,2
13,"SAN JAVIER",2021,10,2,168649,59869,2.81696704471429,0,2
13,"SAN JAVIER",2021,11,3,168649,59869,2.81696704471429,0,2
13,"SAN JAVIER",2021,12,4,168649,59869,2.81696704471429,0,2
13,"SAN JAVIER",2022,1,1,171854,62181,2.76377028352712,0,2
13,"SAN JAVIER",2022,2,3,171854,62181,2.76377028352712,0,2
13,"SAN JAVIER",2022,3,0,171854,62181,2.76377028352712,0,2
13,"SAN JAVIER",2022,4,4,171854,62181,2.76377028352712,0,2
13,"SAN JAVIER",2022,5,5,171854,62181,2.76377028352712,0,2
13,"SAN JAVIER",2022,6,5,171854,62181,2.76377028352712,0,2
13,"SAN JAVIER",2022,7,3,171854,62181,2.76377028352712,0,2
13,"SAN JAVIER",2022,8,0,171854,62181,2.76377028352712,0,2
13,"SAN JAVIER",2022,9,1,171854,62181,2.76377028352712,0,2
13,"SAN JAVIER",2022,10,2,171854,62181,2.76377028352712,0,2
13,"SAN JAVIER",2022,11,3,171854,62181,2.76377028352712,0,2
13,"SAN JAVIER",2022,12,1,171854,62181,2.76377028352712,0,2
13,"SAN JAVIER",2023,1,1,175122,64553,2.71284061159048,0,2
13,"SAN JAVIER",2023,2,1,175122,64553,2.71284061159048,0,2
13,"SAN JAVIER",2023,3,0,175122,64553,2.71284061159048,0,2
13,"SAN JAVIER",2023,4,0,175122,64553,2.71284061159048,0,2
13,"SAN JAVIER",2023,5,2,175122,64553,2.71284061159048,0,2
13,"SAN JAVIER",2023,6,1,175122,64553,2.71284061159048,0,2
13,"SAN JAVIER",2023,7,1,175122,64553,2.71284061159048,0,2
13,"SAN JAVIER",2023,8,2,175122,64553,2.71284061159048,0,2
13,"SAN JAVIER",2023,9,1,175122,64553,2.71284061159048,0,2
13,"SAN JAVIER",2023,10,1,175122,64553,2.71284061159048,0,2
13,"SAN JAVIER",2023,11,0,175122,64553,2.71284061159048,0,2
13,"SAN JAVIER",2023,12,0,175122,64553,2.71284061159048,0,2
14,"EL POBLADO",2018,1,2,106805,40676,2.62574982790835,1,6
14,"EL POBLADO",2018,2,0,106805,40676,2.62574982790835,1,6
14,"EL POBLADO",2018,3,2,106805,40676,2.62574982790835,1,6
14,"EL POBLADO",2018,4,0,106805,40676,2.62574982790835,1,6
14,"EL POBLADO",2018,5,0,106805,40676,2.62574982790835,1,6
14,"EL POBLADO",2018,6,1,106805,40676,2.62574982790835,1,6
14,"EL POBLADO",2018,7,0,106805,40676,2.62574982790835,1,6
14,"EL POBLADO",2018,8,1,106805,40676,2.62574982790835,1,6
14,"EL POBLADO",2018,9,1,106805,40676,2.62574982790835,1,6
14,"EL POBLADO",2018,10,0,106805,40676,2.62574982790835,1,6
14,"EL POBLADO",2018,11,2,106805,40676,2.62574982790835,1,6
14,"EL POBLADO",2018,12,2,106805,40676,2.62574982790835,1,6
14,"EL POBLADO",2019,1,0,108345,41880,2.58703438395415,1,6
14,"EL POBLADO",2019,2,3,108345,41880,2.58703438395415,1,6
14,"EL POBLADO",2019,3,1,108345,41880,2.58703438395415,1,6
14,"EL POBLADO",2019,4,0,108345,41880,2.58703438395415,1,6
14,"EL POBLADO",2019,5,1,108345,41880,2.58703438395415,1,6
14,"EL POBLADO",2019,6,0,108345,41880,2.58703438395415,1,6
14,"EL POBLADO",2019,7,3,108345,41880,2.58703438395415,1,6
14,"EL POBLADO",2019,8,0,108345,41880,2.58703438395415,1,6
14,"EL POBLADO",2019,9,0,108345,41880,2.58703438395415,1,6
14,"EL POBLADO",2019,10,0,108345,41880,2.58703438395415,1,6
14,"EL POBLADO",2019,11,1,108345,41880,2.58703438395415,1,6
14,"EL POBLADO",2019,12,0,108345,41880,2.58703438395415,1,6
14,"EL POBLADO",2020,1,0,109600,43050,2.5458768873403,1,6
14,"EL POBLADO",2020,2,0,109600,43050,2.5458768873403,1,6
14,"EL POBLADO",2020,3,0,109600,43050,2.5458768873403,1,6
14,"EL POBLADO",2020,4,0,109600,43050,2.5458768873403,1,6
14,"EL POBLADO",2020,5,0,109600,43050,2.5458768873403,1,6
14,"EL POBLADO",2020,6,0,109600,43050,2.5458768873403,1,6
14,"EL POBLADO",2020,7,0,109600,43050,2.5458768873403,1,6
14,"EL POBLADO",2020,8,0,109600,43050,2.5458768873403,1,6
14,"EL POBLADO",2020,9,1,109600,43050,2.5458768873403,1,6
14,"EL POBLADO",2020,10,0,109600,43050,2.5458768873403,1,6
14,"EL POBLADO",2020,11,0,109600,43050,2.5458768873403,1,6
14,"EL POBLADO",2020,12,1,109600,43050,2.5458768873403,1,6
14,"EL POBLADO",2021,1,0,110479,44166,2.50144907847666,1,6
14,"EL POBLADO",2021,2,0,110479,44166,2.50144907847666,1,6
14,"EL POBLADO",2021,3,0,110479,44166,2.50144907847666,1,6
14,"EL POBLADO",2021,4,0,110479,44166,2.50144907847666,1,6
14,"EL POBLADO",2021,5,0,110479,44166,2.50144907847666,1,6
14,"EL POBLADO",2021,6,2,110479,44166,2.50144907847666,1,6
14,"EL POBLADO",2021,7,1,110479,44166,2.50144907847666,1,6
14,"EL POBLADO",2021,8,0,110479,44166,2.50144907847666,1,6
14,"EL POBLADO",2021,9,0,110479,44166,2.50144907847666,1,6
14,"EL POBLADO",2021,10,1,110479,44166,2.50144907847666,1,6
14,"EL POBLADO",2021,11,4,110479,44166,2.50144907847666,1,6
14,"EL POBLADO",2021,12,1,110479,44166,2.50144907847666,1,6
14,"EL POBLADO",2022,1,0,111343,45323,2.4566555611941,1,6
14,"EL POBLADO",2022,2,0,111343,45323,2.4566555611941,1,6
14,"EL POBLADO",2022,3,1,111343,45323,2.4566555611941,1,6
14,"EL POBLADO",2022,4,1,111343,45323,2.4566555611941,1,6
14,"EL POBLADO",2022,5,0,111343,45323,2.4566555611941,1,6
14,"EL POBLADO",2022,6,0,111343,45323,2.4566555611941,1,6
14,"EL POBLADO",2022,7,0,111343,45323,2.4566555611941,1,6
14,"EL POBLADO",2022,8,0,111343,45323,2.4566555611941,1,6
14,"EL POBLADO",2022,9,3,111343,45323,2.4566555611941,1,6
14,"EL POBLADO",2022,10,0,111343,45323,2.4566555611941,1,6
14,"EL POBLADO",2022,11,0,111343,45323,2.4566555611941,1,6
14,"EL POBLADO",2022,12,1,111343,45323,2.4566555611941,1,6
14,"EL POBLADO",2023,1,0,112257,46527,2.41272809336514,1,6
14,"EL POBLADO",2023,2,0,112257,46527,2.41272809336514,1,6
14,"EL POBLADO",2023,3,1,112257,46527,2.41272809336514,1,6
14,"EL POBLADO",2023,4,0,112257,46527,2.41272809336514,1,6
14,"EL POBLADO",2023,5,1,112257,46527,2.41272809336514,1,6
14,"EL POBLADO",2023,6,1,112257,46527,2.41272809336514,1,6
14,"EL POBLADO",2023,7,0,112257,46527,2.41272809336514,1,6
14,"EL POBLADO",2023,8,0,112257,46527,2.41272809336514,1,6
14,"EL POBLADO",2023,9,0,112257,46527,2.41272809336514,1,6
14,"EL POBLADO",2023,10,1,112257,46527,2.41272809336514,1,6
14,"EL POBLADO",2023,11,3,112257,46527,2.41272809336514,1,6
14,"EL POBLADO",2023,12,0,112257,46527,2.41272809336514,1,6
15,"GUAYABAL",2018,1,1,64651,21902,2.95183088302438,1,3
15,"GUAYABAL",2018,2,4,64651,21902,2.95183088302438,1,3
15,"GUAYABAL",2018,3,1,64651,21902,2.95183088302438,1,3
15,"GUAYABAL",2018,4,3,64651,21902,2.95183088302438,1,3
15,"GUAYABAL",2018,5,2,64651,21902,2.95183088302438,1,3
15,"GUAYABAL",2018,6,2,64651,21902,2.95183088302438,1,3
15,"GUAYABAL",2018,7,3,64651,21902,2.95183088302438,1,3
15,"GUAYABAL",2018,8,4,64651,21902,2.95183088302438,1,3
15,"GUAYABAL",2018,9,3,64651,21902,2.95183088302438,1,3
15,"GUAYABAL",2018,10,2,64651,21902,2.95183088302438,1,3
15,"GUAYABAL",2018,11,2,64651,21902,2.95183088302438,1,3
15,"GUAYABAL",2018,12,2,64651,21902,2.95183088302438,1,3
15,"GUAYABAL",2019,1,2,65011,22331,2.91124445837625,1,3
15,"GUAYABAL",2019,2,0,65011,22331,2.91124445837625,1,3
15,"GUAYABAL",2019,3,4,65011,22331,2.91124445837625,1,3
15,"GUAYABAL",2019,4,1,65011,22331,2.91124445837625,1,3
15,"GUAYABAL",2019,5,4,65011,22331,2.91124445837625,1,3
15,"GUAYABAL",2019,6,4,65011,22331,2.91124445837625,1,3
15,"GUAYABAL",2019,7,1,65011,22331,2.91124445837625,1,3
15,"GUAYABAL",2019,8,2,65011,22331,2.91124445837625,1,3
15,"GUAYABAL",2019,9,1,65011,22331,2.91124445837625,1,3
15,"GUAYABAL",2019,10,0,65011,22331,2.91124445837625,1,3
15,"GUAYABAL",2019,11,3,65011,22331,2.91124445837625,1,3
15,"GUAYABAL",2019,12,1,65011,22331,2.91124445837625,1,3
15,"GUAYABAL",2020,1,1,65146,22719,2.86746775826401,1,3
15,"GUAYABAL",2020,2,1,65146,22719,2.86746775826401,1,3
15,"GUAYABAL",2020,3,1,65146,22719,2.86746775826401,1,3
15,"GUAYABAL",2020,4,0,65146,22719,2.86746775826401,1,3
15,"GUAYABAL",2020,5,0,65146,22719,2.86746775826401,1,3
15,"GUAYABAL",2020,6,0,65146,22719,2.86746775826401,1,3
15,"GUAYABAL",2020,7,1,65146,22719,2.86746775826401,1,3
15,"GUAYABAL",2020,8,0,65146,22719,2.86746775826401,1,3
15,"GUAYABAL",2020,9,0,65146,22719,2.86746775826401,1,3
15,"GUAYABAL",2020,10,1,65146,22719,2.86746775826401,1,3
15,"GUAYABAL",2020,11,0,65146,22719,2.86746775826401,1,3
15,"GUAYABAL",2020,12,2,65146,22719,2.86746775826401,1,3
15,"GUAYABAL",2021,1,1,65024,23064,2.81928546652792,1,3
15,"GUAYABAL",2021,2,1,65024,23064,2.81928546652792,1,3
15,"GUAYABAL",2021,3,0,65024,23064,2.81928546652792,1,3
15,"GUAYABAL",2021,4,3,65024,23064,2.81928546652792,1,3
15,"GUAYABAL",2021,5,0,65024,23064,2.81928546652792,1,3
15,"GUAYABAL",2021,6,1,65024,23064,2.81928546652792,1,3
15,"GUAYABAL",2021,7,1,65024,23064,2.81928546652792,1,3
15,"GUAYABAL",2021,8,1,65024,23064,2.81928546652792,1,3
15,"GUAYABAL",2021,9,2,65024,23064,2.81928546652792,1,3
15,"GUAYABAL",2021,10,3,65024,23064,2.81928546652792,1,3
15,"GUAYABAL",2021,11,1,65024,23064,2.81928546652792,1,3
15,"GUAYABAL",2021,12,0,65024,23064,2.81928546652792,1,3
15,"GUAYABAL",2022,1,1,64856,23411,2.77032164367178,1,3
15,"GUAYABAL",2022,2,0,64856,23411,2.77032164367178,1,3
15,"GUAYABAL",2022,3,3,64856,23411,2.77032164367178,1,3
15,"GUAYABAL",2022,4,0,64856,23411,2.77032164367178,1,3
15,"GUAYABAL",2022,5,3,64856,23411,2.77032164367178,1,3
15,"GUAYABAL",2022,6,0,64856,23411,2.77032164367178,1,3
15,"GUAYABAL",2022,7,0,64856,23411,2.77032164367178,1,3
15,"GUAYABAL",2022,8,0,64856,23411,2.77032164367178,1,3
15,"GUAYABAL",2022,9,1,64856,23411,2.77032164367178,1,3
15,"GUAYABAL",2022,10,1,64856,23411,2.77032164367178,1,3
15,"GUAYABAL",2022,11,4,64856,23411,2.77032164367178,1,3
15,"GUAYABAL",2022,12,1,64856,23411,2.77032164367178,1,3
15,"GUAYABAL",2023,1,2,64713,23775,2.7218927444795,1,3
15,"GUAYABAL",2023,2,0,64713,23775,2.7218927444795,1,3
15,"GUAYABAL",2023,3,1,64713,23775,2.7218927444795,1,3
15,"GUAYABAL",2023,4,0,64713,23775,2.7218927444795,1,3
15,"GUAYABAL",2023,5,1,64713,23775,2.7218927444795,1,3
15,"GUAYABAL",2023,6,0,64713,23775,2.7218927444795,1,3
15,"GUAYABAL",2023,7,1,64713,23775,2.7218927444795,1,3
15,"GUAYABAL",2023,8,2,64713,23775,2.7218927444795,1,3
15,"GUAYABAL",2023,9,0,64713,23775,2.7218927444795,1,3
15,"GUAYABAL",2023,10,0,64713,23775,2.7218927444795,1,3
15,"GUAYABAL",2023,11,1,64713,23775,2.7218927444795,1,3
15,"GUAYABAL",2023,12,0,64713,23775,2.7218927444795,1,3
16,"BELEN",2018,1,5,202931,69625,2.91462836624776,2,3
16,"BELEN",2018,2,1,202931,69625,2.91462836624776,2,3
16,"BELEN",2018,3,1,202931,69625,2.91462836624776,2,3
16,"BELEN",2018,4,2,202931,69625,2.91462836624776,2,3
16,"BELEN",2018,5,2,202931,69625,2.91462836624776,2,3
16,"BELEN",2018,6,10,202931,69625,2.91462836624776,2,3
16,"BELEN",2018,7,7,202931,69625,2.91462836624776,2,3
16,"BELEN",2018,8,2,202931,69625,2.91462836624776,2,3
16,"BELEN",2018,9,0,202931,69625,2.91462836624776,2,3
16,"BELEN",2018,10,1,202931,69625,2.91462836624776,2,3
16,"BELEN",2018,11,3,202931,69625,2.91462836624776,2,3
16,"BELEN",2018,12,8,202931,69625,2.91462836624776,2,3
16,"BELEN",2019,1,4,206745,71988,2.87193698949825,2,3
16,"BELEN",2019,2,5,206745,71988,2.87193698949825,2,3
16,"BELEN",2019,3,4,206745,71988,2.87193698949825,2,3
16,"BELEN",2019,4,3,206745,71988,2.87193698949825,2,3
16,"BELEN",2019,5,9,206745,71988,2.87193698949825,2,3
16,"BELEN",2019,6,1,206745,71988,2.87193698949825,2,3
16,"BELEN",2019,7,4,206745,71988,2.87193698949825,2,3
16,"BELEN",2019,8,10,206745,71988,2.87193698949825,2,3
16,"BELEN",2019,9,4,206745,71988,2.87193698949825,2,3
16,"BELEN",2019,10,3,206745,71988,2.87193698949825,2,3
16,"BELEN",2019,11,1,206745,71988,2.87193698949825,2,3
16,"BELEN",2019,12,5,206745,71988,2.87193698949825,2,3
16,"BELEN",2020,1,1,210015,74303,2.82646730280069,2,3
16,"BELEN",2020,2,6,210015,74303,2.82646730280069,2,3
16,"BELEN",2020,3,5,210015,74303,2.82646730280069,2,3
16,"BELEN",2020,4,2,210015,74303,2.82646730280069,2,3
16,"BELEN",2020,5,0,210015,74303,2.82646730280069,2,3
16,"BELEN",2020,6,2,210015,74303,2.82646730280069,2,3
16,"BELEN",2020,7,3,210015,74303,2.82646730280069,2,3
16,"BELEN",2020,8,4,210015,74303,2.82646730280069,2,3
16,"BELEN",2020,9,2,210015,74303,2.82646730280069,2,3
16,"BELEN",2020,10,1,210015,74303,2.82646730280069,2,3
16,"BELEN",2020,11,1,210015,74303,2.82646730280069,2,3
16,"BELEN",2020,12,0,210015,74303,2.82646730280069,2,3
16,"BELEN",2021,1,1,212479,76506,2.77728544166471,2,3
16,"BELEN",2021,2,2,212479,76506,2.77728544166471,2,3
16,"BELEN",2021,3,0,212479,76506,2.77728544166471,2,3
16,"BELEN",2021,4,1,212479,76506,2.77728544166471,2,3
16,"BELEN",2021,5,2,212479,76506,2.77728544166471,2,3
16,"BELEN",2021,6,5,212479,76506,2.77728544166471,2,3
16,"BELEN",2021,7,3,212479,76506,2.77728544166471,2,3
16,"BELEN",2021,8,2,212479,76506,2.77728544166471,2,3
16,"BELEN",2021,9,4,212479,76506,2.77728544166471,2,3
16,"BELEN",2021,10,0,212479,76506,2.77728544166471,2,3
16,"BELEN",2021,11,1,212479,76506,2.77728544166471,2,3
16,"BELEN",2021,12,5,212479,76506,2.77728544166471,2,3
16,"BELEN",2022,1,1,214967,78810,2.72766146428118,2,3
16,"BELEN",2022,2,2,214967,78810,2.72766146428118,2,3
16,"BELEN",2022,3,3,214967,78810,2.72766146428118,2,3
16,"BELEN",2022,4,1,214967,78810,2.72766146428118,2,3
16,"BELEN",2022,5,1,214967,78810,2.72766146428118,2,3
16,"BELEN",2022,6,1,214967,78810,2.72766146428118,2,3
16,"BELEN",2022,7,2,214967,78810,2.72766146428118,2,3
16,"BELEN",2022,8,0,214967,78810,2.72766146428118,2,3
16,"BELEN",2022,9,4,214967,78810,2.72766146428118,2,3
16,"BELEN",2022,10,3,214967,78810,2.72766146428118,2,3
16,"BELEN",2022,11,1,214967,78810,2.72766146428118,2,3
16,"BELEN",2022,12,6,214967,78810,2.72766146428118,2,3
16,"BELEN",2023,1,1,217501,81186,2.67904564826448,2,3
16,"BELEN",2023,2,5,217501,81186,2.67904564826448,2,3
16,"BELEN",2023,3,3,217501,81186,2.67904564826448,2,3
16,"BELEN",2023,4,2,217501,81186,2.67904564826448,2,3
16,"BELEN",2023,5,0,217501,81186,2.67904564826448,2,3
16,"BELEN",2023,6,0,217501,81186,2.67904564826448,2,3
16,"BELEN",2023,7,0,217501,81186,2.67904564826448,2,3
16,"BELEN",2023,8,1,217501,81186,2.67904564826448,2,3
16,"BELEN",2023,9,0,217501,81186,2.67904564826448,2,3
16,"BELEN",2023,10,2,217501,81186,2.67904564826448,2,3
16,"BELEN",2023,11,0,217501,81186,2.67904564826448,2,3
16,"BELEN",2023,12,0,217501,81186,2.67904564826448,2,3
50,"PALMITAS",2018,1,0,5474,1896,2.88713080168776,0,2
50,"PALMITAS",2018,2,0,5474,1896,2.88713080168776,0,2
50,"PALMITAS",2018,3,0,5474,1896,2.88713080168776,0,2
50,"PALMITAS",2018,4,0,5474,1896,2.88713080168776,0,2
50,"PALMITAS",2018,5,0,5474,1896,2.88713080168776,0,2
50,"PALMITAS",2018,6,0,5474,1896,2.88713080168776,0,2
50,"PALMITAS",2018,7,0,5474,1896,2.88713080168776,0,2
50,"PALMITAS",2018,8,0,5474,1896,2.88713080168776,0,2
50,"PALMITAS",2018,9,0,5474,1896,2.88713080168776,0,2
50,"PALMITAS",2018,10,0,5474,1896,2.88713080168776,0,2
50,"PALMITAS",2018,11,0,5474,1896,2.88713080168776,0,2
50,"PALMITAS",2018,12,0,5474,1896,2.88713080168776,0,2
50,"PALMITAS",2019,1,0,5689,2007,2.83457897359243,0,2
50,"PALMITAS",2019,2,0,5689,2007,2.83457897359243,0,2
50,"PALMITAS",2019,3,0,5689,2007,2.83457897359243,0,2
50,"PALMITAS",2019,4,0,5689,2007,2.83457897359243,0,2
50,"PALMITAS",2019,5,0,5689,2007,2.83457897359243,0,2
50,"PALMITAS",2019,6,1,5689,2007,2.83457897359243,0,2
50,"PALMITAS",2019,7,1,5689,2007,2.83457897359243,0,2
50,"PALMITAS",2019,8,0,5689,2007,2.83457897359243,0,2
50,"PALMITAS",2019,9,0,5689,2007,2.83457897359243,0,2
50,"PALMITAS",2019,10,0,5689,2007,2.83457897359243,0,2
50,"PALMITAS",2019,11,1,5689,2007,2.83457897359243,0,2
50,"PALMITAS",2019,12,0,5689,2007,2.83457897359243,0,2
50,"PALMITAS",2020,1,0,5885,2115,2.78250591016548,0,2
50,"PALMITAS",2020,2,0,5885,2115,2.78250591016548,0,2
50,"PALMITAS",2020,3,0,5885,2115,2.78250591016548,0,2
50,"PALMITAS",2020,4,0,5885,2115,2.78250591016548,0,2
50,"PALMITAS",2020,5,0,5885,2115,2.78250591016548,0,2
50,"PALMITAS",2020,6,0,5885,2115,2.78250591016548,0,2
50,"PALMITAS",2020,7,0,5885,2115,2.78250591016548,0,2
50,"PALMITAS",2020,8,0,5885,2115,2.78250591016548,0,2
50,"PALMITAS",2020,9,0,5885,2115,2.78250591016548,0,2
50,"PALMITAS",2020,10,0,5885,2115,2.78250591016548,0,2
50,"PALMITAS",2020,11,0,5885,2115,2.78250591016548,0,2
50,"PALMITAS",2020,12,0,5885,2115,2.78250591016548,0,2
50,"PALMITAS",2021,1,0,6073,2226,2.72821203953279,0,2
50,"PALMITAS",2021,2,0,6073,2226,2.72821203953279,0,2
50,"PALMITAS",2021,3,0,6073,2226,2.72821203953279,0,2
50,"PALMITAS",2021,4,0,6073,2226,2.72821203953279,0,2
50,"PALMITAS",2021,5,1,6073,2226,2.72821203953279,0,2
50,"PALMITAS",2021,6,0,6073,2226,2.72821203953279,0,2
50,"PALMITAS",2021,7,0,6073,2226,2.72821203953279,0,2
50,"PALMITAS",2021,8,0,6073,2226,2.72821203953279,0,2
50,"PALMITAS",2021,9,0,6073,2226,2.72821203953279,0,2
50,"PALMITAS",2021,10,0,6073,2226,2.72821203953279,0,2
50,"PALMITAS",2021,11,0,6073,2226,2.72821203953279,0,2
50,"PALMITAS",2021,12,0,6073,2226,2.72821203953279,0,2
50,"PALMITAS",2022,1,0,6281,2347,2.67618236046016,0,2
50,"PALMITAS",2022,2,0,6281,2347,2.67618236046016,0,2
50,"PALMITAS",2022,3,0,6281,2347,2.67618236046016,0,2
50,"PALMITAS",2022,4,0,6281,2347,2.67618236046016,0,2
50,"PALMITAS",2022,5,0,6281,2347,2.67618236046016,0,2
50,"PALMITAS",2022,6,0,6281,2347,2.67618236046016,0,2
50,"PALMITAS",2022,7,0,6281,2347,2.67618236046016,0,2
50,"PALMITAS",2022,8,0,6281,2347,2.67618236046016,0,2
50,"PALMITAS",2022,9,0,6281,2347,2.67618236046016,0,2
50,"PALMITAS",2022,10,0,6281,2347,2.67618236046016,0,2
50,"PALMITAS",2022,11,1,6281,2347,2.67618236046016,0,2
50,"PALMITAS",2022,12,0,6281,2347,2.67618236046016,0,2
50,"PALMITAS",2023,1,0,6485,2470,2.62550607287449,0,2
50,"PALMITAS",2023,2,0,6485,2470,2.62550607287449,0,2
50,"PALMITAS",2023,3,0,6485,2470,2.62550607287449,0,2
50,"PALMITAS",2023,4,0,6485,2470,2.62550607287449,0,2
50,"PALMITAS",2023,5,0,6485,2470,2.62550607287449,0,2
50,"PALMITAS",2023,6,1,6485,2470,2.62550607287449,0,2
50,"PALMITAS",2023,7,0,6485,2470,2.62550607287449,0,2
50,"PALMITAS",2023,8,0,6485,2470,2.62550607287449,0,2
50,"PALMITAS",2023,9,0,6485,2470,2.62550607287449,0,2
50,"PALMITAS",2023,10,1,6485,2470,2.62550607287449,0,2
50,"PALMITAS",2023,11,0,6485,2470,2.62550607287449,0,2
50,"PALMITAS",2023,12,0,6485,2470,2.62550607287449,0,2
60,"SAN CRISTOBAL",2018,1,2,116420,35354,3.29297957798269,0,2
60,"SAN CRISTOBAL",2018,2,1,116420,35354,3.29297957798269,0,2
60,"SAN CRISTOBAL",2018,3,2,116420,35354,3.29297957798269,0,2
60,"SAN CRISTOBAL",2018,4,1,116420,35354,3.29297957798269,0,2
60,"SAN CRISTOBAL",2018,5,1,116420,35354,3.29297957798269,0,2
60,"SAN CRISTOBAL",2018,6,2,116420,35354,3.29297957798269,0,2
60,"SAN CRISTOBAL",2018,7,5,116420,35354,3.29297957798269,0,2
60,"SAN CRISTOBAL",2018,8,0,116420,35354,3.29297957798269,0,2
60,"SAN CRISTOBAL",2018,9,2,116420,35354,3.29297957798269,0,2
60,"SAN CRISTOBAL",2018,10,3,116420,35354,3.29297957798269,0,2
60,"SAN CRISTOBAL",2018,11,1,116420,35354,3.29297957798269,0,2
60,"SAN CRISTOBAL",2018,12,1,116420,35354,3.29297957798269,0,2
60,"SAN CRISTOBAL",2019,1,3,123483,38128,3.23864351657575,0,2
60,"SAN CRISTOBAL",2019,2,2,123483,38128,3.23864351657575,0,2
60,"SAN CRISTOBAL",2019,3,6,123483,38128,3.23864351657575,0,2
60,"SAN CRISTOBAL",2019,4,8,123483,38128,3.23864351657575,0,2
60,"SAN CRISTOBAL",2019,5,9,123483,38128,3.23864351657575,0,2
60,"SAN CRISTOBAL",2019,6,1,123483,38128,3.23864351657575,0,2
60,"SAN CRISTOBAL",2019,7,2,123483,38128,3.23864351657575,0,2
60,"SAN CRISTOBAL",2019,8,2,123483,38128,3.23864351657575,0,2
60,"SAN CRISTOBAL",2019,9,2,123483,38128,3.23864351657575,0,2
60,"SAN CRISTOBAL",2019,10,0,123483,38128,3.23864351657575,0,2
60,"SAN CRISTOBAL",2019,11,2,123483,38128,3.23864351657575,0,2
60,"SAN CRISTOBAL",2019,12,1,123483,38128,3.23864351657575,0,2
60,"SAN CRISTOBAL",2020,1,0,130514,41017,3.18194894799717,0,2
60,"SAN CRISTOBAL",2020,2,3,130514,41017,3.18194894799717,0,2
60,"SAN CRISTOBAL",2020,3,0,130514,41017,3.18194894799717,0,2
60,"SAN CRISTOBAL",2020,4,1,130514,41017,3.18194894799717,0,2
60,"SAN CRISTOBAL",2020,5,4,130514,41017,3.18194894799717,0,2
60,"SAN CRISTOBAL",2020,6,2,130514,41017,3.18194894799717,0,2
60,"SAN CRISTOBAL",2020,7,2,130514,41017,3.18194894799717,0,2
60,"SAN CRISTOBAL",2020,8,2,130514,41017,3.18194894799717,0,2
60,"SAN CRISTOBAL",2020,9,1,130514,41017,3.18194894799717,0,2
60,"SAN CRISTOBAL",2020,10,1,130514,41017,3.18194894799717,0,2
60,"SAN CRISTOBAL",2020,11,1,130514,41017,3.18194894799717,0,2
60,"SAN CRISTOBAL",2020,12,0,130514,41017,3.18194894799717,0,2
60,"SAN CRISTOBAL",2021,1,2,137277,43973,3.12184749732791,0,2
60,"SAN CRISTOBAL",2021,2,1,137277,43973,3.12184749732791,0,2
60,"SAN CRISTOBAL",2021,3,4,137277,43973,3.12184749732791,0,2
60,"SAN CRISTOBAL",2021,4,0,137277,43973,3.12184749732791,0,2
60,"SAN CRISTOBAL",2021,5,2,137277,43973,3.12184749732791,0,2
60,"SAN CRISTOBAL",2021,6,3,137277,43973,3.12184749732791,0,2
60,"SAN CRISTOBAL",2021,7,0,137277,43973,3.12184749732791,0,2
60,"SAN CRISTOBAL",2021,8,3,137277,43973,3.12184749732791,0,2
60,"SAN CRISTOBAL",2021,9,2,137277,43973,3.12184749732791,0,2
60,"SAN CRISTOBAL",2021,10,6,137277,43973,3.12184749732791,0,2
60,"SAN CRISTOBAL",2021,11,0,137277,43973,3.12184749732791,0,2
60,"SAN CRISTOBAL",2021,12,6,137277,43973,3.12184749732791,0,2
60,"SAN CRISTOBAL",2022,1,1,144316,47139,3.06149897112794,0,2
60,"SAN CRISTOBAL",2022,2,0,144316,47139,3.06149897112794,0,2
60,"SAN CRISTOBAL",2022,3,0,144316,47139,3.06149897112794,0,2
60,"SAN CRISTOBAL",2022,4,0,144316,47139,3.06149897112794,0,2
60,"SAN CRISTOBAL",2022,5,4,144316,47139,3.06149897112794,0,2
60,"SAN CRISTOBAL",2022,6,3,144316,47139,3.06149897112794,0,2
60,"SAN CRISTOBAL",2022,7,3,144316,47139,3.06149897112794,0,2
60,"SAN CRISTOBAL",2022,8,1,144316,47139,3.06149897112794,0,2
60,"SAN CRISTOBAL",2022,9,1,144316,47139,3.06149897112794,0,2
60,"SAN CRISTOBAL",2022,10,3,144316,47139,3.06149897112794,0,2
60,"SAN CRISTOBAL",2022,11,6,144316,47139,3.06149897112794,0,2
60,"SAN CRISTOBAL",2022,12,5,144316,47139,3.06149897112794,0,2
60,"SAN CRISTOBAL",2023,1,0,151677,50515,3.00261308522221,0,2
60,"SAN CRISTOBAL",2023,2,1,151677,50515,3.00261308522221,0,2
60,"SAN CRISTOBAL",2023,3,1,151677,50515,3.00261308522221,0,2
60,"SAN CRISTOBAL",2023,4,0,151677,50515,3.00261308522221,0,2
60,"SAN CRISTOBAL",2023,5,2,151677,50515,3.00261308522221,0,2
60,"SAN CRISTOBAL",2023,6,2,151677,50515,3.00261308522221,0,2
60,"SAN CRISTOBAL",2023,7,1,151677,50515,3.00261308522221,0,2
60,"SAN CRISTOBAL",2023,8,4,151677,50515,3.00261308522221,0,2
60,"SAN CRISTOBAL",2023,9,2,151677,50515,3.00261308522221,0,2
60,"SAN CRISTOBAL",2023,10,1,151677,50515,3.00261308522221,0,2
60,"SAN CRISTOBAL",2023,11,0,151677,50515,3.00261308522221,0,2
60,"SAN CRISTOBAL",2023,12,0,151677,50515,3.00261308522221,0,2
70,"ALTAVISTA",2018,1,1,38856,12858,3.02193187120859,0,2
70,"ALTAVISTA",2018,2,5,38856,12858,3.02193187120859,0,2
70,"ALTAVISTA",2018,3,1,38856,12858,3.02193187120859,0,2
70,"ALTAVISTA",2018,4,6,38856,12858,3.02193187120859,0,2
70,"ALTAVISTA",2018,5,10,38856,12858,3.02193187120859,0,2
70,"ALTAVISTA",2018,6,1,38856,12858,3.02193187120859,0,2
70,"ALTAVISTA",2018,7,6,38856,12858,3.02193187120859,0,2
70,"ALTAVISTA",2018,8,2,38856,12858,3.02193187120859,0,2
70,"ALTAVISTA",2018,9,7,38856,12858,3.02193187120859,0,2
70,"ALTAVISTA",2018,10,4,38856,12858,3.02193187120859,0,2
70,"ALTAVISTA",2018,11,0,38856,12858,3.02193187120859,0,2
70,"ALTAVISTA",2018,12,3,38856,12858,3.02193187120859,0,2
70,"ALTAVISTA",2019,1,5,40150,13513,2.97121290609043,0,2
70,"ALTAVISTA",2019,2,4,40150,13513,2.97121290609043,0,2
70,"ALTAVISTA",2019,3,5,40150,13513,2.97121290609043,0,2
70,"ALTAVISTA",2019,4,4,40150,13513,2.97121290609043,0,2
70,"ALTAVISTA",2019,5,5,40150,13513,2.97121290609043,0,2
70,"ALTAVISTA",2019,6,3,40150,13513,2.97121290609043,0,2
70,"ALTAVISTA",2019,7,0,40150,13513,2.97121290609043,0,2
70,"ALTAVISTA",2019,8,3,40150,13513,2.97121290609043,0,2
70,"ALTAVISTA",2019,9,3,40150,13513,2.97121290609043,0,2
70,"ALTAVISTA",2019,10,2,40150,13513,2.97121290609043,0,2
70,"ALTAVISTA",2019,11,1,40150,13513,2.97121290609043,0,2
70,"ALTAVISTA",2019,12,1,40150,13513,2.97121290609043,0,2
70,"ALTAVISTA",2020,1,0,41350,14166,2.91896089227728,0,2
70,"ALTAVISTA",2020,2,1,41350,14166,2.91896089227728,0,2
70,"ALTAVISTA",2020,3,3,41350,14166,2.91896089227728,0,2
70,"ALTAVISTA",2020,4,1,41350,14166,2.91896089227728,0,2
70,"ALTAVISTA",2020,5,1,41350,14166,2.91896089227728,0,2
70,"ALTAVISTA",2020,6,1,41350,14166,2.91896089227728,0,2
70,"ALTAVISTA",2020,7,1,41350,14166,2.91896089227728,0,2
70,"ALTAVISTA",2020,8,2,41350,14166,2.91896089227728,0,2
70,"ALTAVISTA",2020,9,0,41350,14166,2.91896089227728,0,2
70,"ALTAVISTA",2020,10,0,41350,14166,2.91896089227728,0,2
70,"ALTAVISTA",2020,11,0,41350,14166,2.91896089227728,0,2
70,"ALTAVISTA",2020,12,0,41350,14166,2.91896089227728,0,2
70,"ALTAVISTA",2021,1,1,42442,14815,2.86479919001013,0,2
70,"ALTAVISTA",2021,2,0,42442,14815,2.86479919001013,0,2
70,"ALTAVISTA",2021,3,1,42442,14815,2.86479919001013,0,2
70,"ALTAVISTA",2021,4,2,42442,14815,2.86479919001013,0,2
70,"ALTAVISTA",2021,5,2,42442,14815,2.86479919001013,0,2
70,"ALTAVISTA",2021,6,1,42442,14815,2.86479919001013,0,2
70,"ALTAVISTA",2021,7,2,42442,14815,2.86479919001013,0,2
70,"ALTAVISTA",2021,8,1,42442,14815,2.86479919001013,0,2
70,"ALTAVISTA",2021,9,1,42442,14815,2.86479919001013,0,2
70,"ALTAVISTA",2021,10,0,42442,14815,2.86479919001013,0,2
70,"ALTAVISTA",2021,11,1,42442,14815,2.86479919001013,0,2
70,"ALTAVISTA",2021,12,0,42442,14815,2.86479919001013,0,2
70,"ALTAVISTA",2022,1,0,43556,15495,2.81097128105841,0,2
70,"ALTAVISTA",2022,2,0,43556,15495,2.81097128105841,0,2
70,"ALTAVISTA",2022,3,1,43556,15495,2.81097128105841,0,2
70,"ALTAVISTA",2022,4,0,43556,15495,2.81097128105841,0,2
70,"ALTAVISTA",2022,5,1,43556,15495,2.81097128105841,0,2
70,"ALTAVISTA",2022,6,0,43556,15495,2.81097128105841,0,2
70,"ALTAVISTA",2022,7,1,43556,15495,2.81097128105841,0,2
70,"ALTAVISTA",2022,8,1,43556,15495,2.81097128105841,0,2
70,"ALTAVISTA",2022,9,1,43556,15495,2.81097128105841,0,2
70,"ALTAVISTA",2022,10,2,43556,15495,2.81097128105841,0,2
70,"ALTAVISTA",2022,11,0,43556,15495,2.81097128105841,0,2
70,"ALTAVISTA",2022,12,0,43556,15495,2.81097128105841,0,2
70,"ALTAVISTA",2023,1,0,44665,16188,2.75914257474673,0,2
70,"ALTAVISTA",2023,2,2,44665,16188,2.75914257474673,0,2
70,"ALTAVISTA",2023,3,0,44665,16188,2.75914257474673,0,2
70,"ALTAVISTA",2023,4,1,44665,16188,2.75914257474673,0,2
70,"ALTAVISTA",2023,5,0,44665,16188,2.75914257474673,0,2
70,"ALTAVISTA",2023,6,0,44665,16188,2.75914257474673,0,2
70,"ALTAVISTA",2023,7,0,44665,16188,2.75914257474673,0,2
70,"ALTAVISTA",2023,8,0,44665,16188,2.75914257474673,0,2
70,"ALTAVISTA",2023,9,0,44665,16188,2.75914257474673,0,2
70,"ALTAVISTA",2023,10,4,44665,16188,2.75914257474673,0,2
70,"ALTAVISTA",2023,11,0,44665,16188,2.75914257474673,0,2
70,"ALTAVISTA",2023,12,0,44665,16188,2.75914257474673,0,2
80,"SAN ANTONIO DE PRADO",2018,1,3,94801,29766,3.18487536115031,1,2
80,"SAN ANTONIO DE PRADO",2018,2,0,94801,29766,3.18487536115031,1,2
80,"SAN ANTONIO DE PRADO",2018,3,2,94801,29766,3.18487536115031,1,2
80,"SAN ANTONIO DE PRADO",2018,4,2,94801,29766,3.18487536115031,1,2
80,"SAN ANTONIO DE PRADO",2018,5,2,94801,29766,3.18487536115031,1,2
80,"SAN ANTONIO DE PRADO",2018,6,0,94801,29766,3.18487536115031,1,2
80,"SAN ANTONIO DE PRADO",2018,7,0,94801,29766,3.18487536115031,1,2
80,"SAN ANTONIO DE PRADO",2018,8,1,94801,29766,3.18487536115031,1,2
80,"SAN ANTONIO DE PRADO",2018,9,2,94801,29766,3.18487536115031,1,2
80,"SAN ANTONIO DE PRADO",2018,10,2,94801,29766,3.18487536115031,1,2
80,"SAN ANTONIO DE PRADO",2018,11,1,94801,29766,3.18487536115031,1,2
80,"SAN ANTONIO DE PRADO",2018,12,0,94801,29766,3.18487536115031,1,2
80,"SAN ANTONIO DE PRADO",2019,1,0,99358,31650,3.13927330173776,1,2
80,"SAN ANTONIO DE PRADO",2019,2,1,99358,31650,3.13927330173776,1,2
80,"SAN ANTONIO DE PRADO",2019,3,0,99358,31650,3.13927330173776,1,2
80,"SAN ANTONIO DE PRADO",2019,4,2,99358,31650,3.13927330173776,1,2
80,"SAN ANTONIO DE PRADO",2019,5,1,99358,31650,3.13927330173776,1,2
80,"SAN ANTONIO DE PRADO",2019,6,0,99358,31650,3.13927330173776,1,2
80,"SAN ANTONIO DE PRADO",2019,7,1,99358,31650,3.13927330173776,1,2
80,"SAN ANTONIO DE PRADO",2019,8,0,99358,31650,3.13927330173776,1,2
80,"SAN ANTONIO DE PRADO",2019,9,0,99358,31650,3.13927330173776,1,2
80,"SAN ANTONIO DE PRADO",2019,10,0,99358,31650,3.13927330173776,1,2
80,"SAN ANTONIO DE PRADO",2019,11,0,99358,31650,3.13927330173776,1,2
80,"SAN ANTONIO DE PRADO",2019,12,4,99358,31650,3.13927330173776,1,2
80,"SAN ANTONIO DE PRADO",2020,1,0,103822,33594,3.09049234982437,1,2
80,"SAN ANTONIO DE PRADO",2020,2,0,103822,33594,3.09049234982437,1,2
80,"SAN ANTONIO DE PRADO",2020,3,0,103822,33594,3.09049234982437,1,2
80,"SAN ANTONIO DE PRADO",2020,4,1,103822,33594,3.09049234982437,1,2
80,"SAN ANTONIO DE PRADO",2020,5,0,103822,33594,3.09049234982437,1,2
80,"SAN ANTONIO DE PRADO",2020,6,0,103822,33594,3.09049234982437,1,2
80,"SAN ANTONIO DE PRADO",2020,7,2,103822,33594,3.09049234982437,1,2
80,"SAN ANTONIO DE PRADO",2020,8,3,103822,33594,3.09049234982437,1,2
80,"SAN ANTONIO DE PRADO",2020,9,0,103822,33594,3.09049234982437,1,2
80,"SAN ANTONIO DE PRADO",2020,10,1,103822,33594,3.09049234982437,1,2
80,"SAN ANTONIO DE PRADO",2020,11,2,103822,33594,3.09049234982437,1,2
80,"SAN ANTONIO DE PRADO",2020,12,1,103822,33594,3.09049234982437,1,2
80,"SAN ANTONIO DE PRADO",2021,1,1,107996,35556,3.03734953313084,1,2
80,"SAN ANTONIO DE PRADO",2021,2,0,107996,35556,3.03734953313084,1,2
80,"SAN ANTONIO DE PRADO",2021,3,1,107996,35556,3.03734953313084,1,2
80,"SAN ANTONIO DE PRADO",2021,4,0,107996,35556,3.03734953313084,1,2
80,"SAN ANTONIO DE PRADO",2021,5,1,107996,35556,3.03734953313084,1,2
80,"SAN ANTONIO DE PRADO",2021,6,0,107996,35556,3.03734953313084,1,2
80,"SAN ANTONIO DE PRADO",2021,7,0,107996,35556,3.03734953313084,1,2
80,"SAN ANTONIO DE PRADO",2021,8,0,107996,35556,3.03734953313084,1,2
80,"SAN ANTONIO DE PRADO",2021,9,1,107996,35556,3.03734953313084,1,2
80,"SAN ANTONIO DE PRADO",2021,10,0,107996,35556,3.03734953313084,1,2
80,"SAN ANTONIO DE PRADO",2021,11,0,107996,35556,3.03734953313084,1,2
80,"SAN ANTONIO DE PRADO",2021,12,0,107996,35556,3.03734953313084,1,2
80,"SAN ANTONIO DE PRADO",2022,1,0,112336,37655,2.98329571106095,1,2
80,"SAN ANTONIO DE PRADO",2022,2,0,112336,37655,2.98329571106095,1,2
80,"SAN ANTONIO DE PRADO",2022,3,1,112336,37655,2.98329571106095,1,2
80,"SAN ANTONIO DE PRADO",2022,4,1,112336,37655,2.98329571106095,1,2
80,"SAN ANTONIO DE PRADO",2022,5,1,112336,37655,2.98329571106095,1,2
80,"SAN ANTONIO DE PRADO",2022,6,0,112336,37655,2.98329571106095,1,2
80,"SAN ANTONIO DE PRADO",2022,7,3,112336,37655,2.98329571106095,1,2
80,"SAN ANTONIO DE PRADO",2022,8,0,112336,37655,2.98329571106095,1,2
80,"SAN ANTONIO DE PRADO",2022,9,0,112336,37655,2.98329571106095,1,2
80,"SAN ANTONIO DE PRADO",2022,10,0,112336,37655,2.98329571106095,1,2
80,"SAN ANTONIO DE PRADO",2022,11,0,112336,37655,2.98329571106095,1,2
80,"SAN ANTONIO DE PRADO",2022,12,0,112336,37655,2.98329571106095,1,2
80,"SAN ANTONIO DE PRADO",2023,1,1,116838,39871,2.93040054174713,1,2
80,"SAN ANTONIO DE PRADO",2023,2,0,116838,39871,2.93040054174713,1,2
80,"SAN ANTONIO DE PRADO",2023,3,3,116838,39871,2.93040054174713,1,2
80,"SAN ANTONIO DE PRADO",2023,4,0,116838,39871,2.93040054174713,1,2
80,"SAN ANTONIO DE PRADO",2023,5,1,116838,39871,2.93040054174713,1,2
80,"SAN ANTONIO DE PRADO",2023,6,0,116838,39871,2.93040054174713,1,2
80,"SAN ANTONIO DE PRADO",2023,7,1,116838,39871,2.93040054174713,1,2
80,"SAN ANTONIO DE PRADO",2023,8,1,116838,39871,2.93040054174713,1,2
80,"SAN ANTONIO DE PRADO",2023,9,0,116838,39871,2.93040054174713,1,2
80,"SAN ANTONIO DE PRADO",2023,10,1,116838,39871,2.93040054174713,1,2
80,"SAN ANTONIO DE PRADO",2023,11,0,116838,39871,2.93040054174713,1,2
80,"SAN ANTONIO DE PRADO",2023,12,0,116838,39871,2.93040054174713,1,2
90,"SANTA ELENA",2018,1,0,23468,7495,3.13115410273516,3,2
90,"SANTA ELENA",2018,2,0,23468,7495,3.13115410273516,3,2
90,"SANTA ELENA",2018,3,0,23468,7495,3.13115410273516,3,2
90,"SANTA ELENA",2018,4,0,23468,7495,3.13115410273516,3,2
90,"SANTA ELENA",2018,5,0,23468,7495,3.13115410273516,3,2
90,"SANTA ELENA",2018,6,0,23468,7495,3.13115410273516,3,2
90,"SANTA ELENA",2018,7,0,23468,7495,3.13115410273516,3,2
90,"SANTA ELENA",2018,8,0,23468,7495,3.13115410273516,3,2
90,"SANTA ELENA",2018,9,0,23468,7495,3.13115410273516,3,2
90,"SANTA ELENA",2018,10,0,23468,7495,3.13115410273516,3,2
90,"SANTA ELENA",2018,11,0,23468,7495,3.13115410273516,3,2
90,"SANTA ELENA",2018,12,0,23468,7495,3.13115410273516,3,2
90,"SANTA ELENA",2019,1,0,24953,8095,3.08252007411983,3,2
90,"SANTA ELENA",2019,2,1,24953,8095,3.08252007411983,3,2
90,"SANTA ELENA",2019,3,0,24953,8095,3.08252007411983,3,2
90,"SANTA ELENA",2019,4,3,24953,8095,3.08252007411983,3,2
90,"SANTA ELENA",2019,5,0,24953,8095,3.08252007411983,3,2
90,"SANTA ELENA",2019,6,2,24953,8095,3.08252007411983,3,2
90,"SANTA ELENA",2019,7,1,24953,8095,3.08252007411983,3,2
90,"SANTA ELENA",2019,8,0,24953,8095,3.08252007411983,3,2
90,"SANTA ELENA",2019,9,1,24953,8095,3.08252007411983,3,2
90,"SANTA ELENA",2019,10,0,24953,8095,3.08252007411983,3,2
90,"SANTA ELENA",2019,11,1,24953,8095,3.08252007411983,3,2
90,"SANTA ELENA",2019,12,0,24953,8095,3.08252007411983,3,2
90,"SANTA ELENA",2020,1,1,26464,8729,3.03173330278382,3,2
90,"SANTA ELENA",2020,2,2,26464,8729,3.03173330278382,3,2
90,"SANTA ELENA",2020,3,0,26464,8729,3.03173330278382,3,2
90,"SANTA ELENA",2020,4,0,26464,8729,3.03173330278382,3,2
90,"SANTA ELENA",2020,5,1,26464,8729,3.03173330278382,3,2
90,"SANTA ELENA",2020,6,0,26464,8729,3.03173330278382,3,2
90,"SANTA ELENA",2020,7,0,26464,8729,3.03173330278382,3,2
90,"SANTA ELENA",2020,8,0,26464,8729,3.03173330278382,3,2
90,"SANTA ELENA",2020,9,0,26464,8729,3.03173330278382,3,2
90,"SANTA ELENA",2020,10,0,26464,8729,3.03173330278382,3,2
90,"SANTA ELENA",2020,11,0,26464,8729,3.03173330278382,3,2
90,"SANTA ELENA",2020,12,1,26464,8729,3.03173330278382,3,2
90,"SANTA ELENA",2021,1,2,27916,9376,2.97738907849829,3,2
90,"SANTA ELENA",2021,2,0,27916,9376,2.97738907849829,3,2
90,"SANTA ELENA",2021,3,1,27916,9376,2.97738907849829,3,2
90,"SANTA ELENA",2021,4,0,27916,9376,2.97738907849829,3,2
90,"SANTA ELENA",2021,5,3,27916,9376,2.97738907849829,3,2
90,"SANTA ELENA",2021,6,0,27916,9376,2.97738907849829,3,2
90,"SANTA ELENA",2021,7,0,27916,9376,2.97738907849829,3,2
90,"SANTA ELENA",2021,8,1,27916,9376,2.97738907849829,3,2
90,"SANTA ELENA",2021,9,0,27916,9376,2.97738907849829,3,2
90,"SANTA ELENA",2021,10,1,27916,9376,2.97738907849829,3,2
90,"SANTA ELENA",2021,11,2,27916,9376,2.97738907849829,3,2
90,"SANTA ELENA",2021,12,0,27916,9376,2.97738907849829,3,2
90,"SANTA ELENA",2022,1,1,29413,10063,2.92288581933817,3,2
90,"SANTA ELENA",2022,2,1,29413,10063,2.92288581933817,3,2
90,"SANTA ELENA",2022,3,0,29413,10063,2.92288581933817,3,2
90,"SANTA ELENA",2022,4,1,29413,10063,2.92288581933817,3,2
90,"SANTA ELENA",2022,5,0,29413,10063,2.92288581933817,3,2
90,"SANTA ELENA",2022,6,0,29413,10063,2.92288581933817,3,2
90,"SANTA ELENA",2022,7,0,29413,10063,2.92288581933817,3,2
90,"SANTA ELENA",2022,8,0,29413,10063,2.92288581933817,3,2
90,"SANTA ELENA",2022,9,0,29413,10063,2.92288581933817,3,2
90,"SANTA ELENA",2022,10,1,29413,10063,2.92288581933817,3,2
90,"SANTA ELENA",2022,11,3,29413,10063,2.92288581933817,3,2
90,"SANTA ELENA",2022,12,0,29413,10063,2.92288581933817,3,2
90,"SANTA ELENA",2023,1,1,31002,10804,2.86949278045168,3,2
90,"SANTA ELENA",2023,2,0,31002,10804,2.86949278045168,3,2
90,"SANTA ELENA",2023,3,1,31002,10804,2.86949278045168,3,2
90,"SANTA ELENA",2023,4,0,31002,10804,2.86949278045168,3,2
90,"SANTA ELENA",2023,5,1,31002,10804,2.86949278045168,3,2
90,"SANTA ELENA",2023,6,0,31002,10804,2.86949278045168,3,2
90,"SANTA ELENA",2023,7,2,31002,10804,2.86949278045168,3,2
90,"SANTA ELENA",2023,8,0,31002,10804,2.86949278045168,3,2
90,"SANTA ELENA",2023,9,0,31002,10804,2.86949278045168,3,2
90,"SANTA ELENA",2023,10,1,31002,10804,2.86949278045168,3,2
90,"SANTA ELENA",2023,11,0,31002,10804,2.86949278045168,3,2
90,"SANTA ELENA",2023,12,0,31002,10804,2.86949278045168,3,2
